ride_id,anomaly_type,impact_category,revenue_impact,currency,country,confidence,recommendation,details,detected_at,revenue_impact_usd
RIDE-00159,capture_mismatch,money_at_risk,11049.74,COP,CO,99,"Review ride RIDE-00159: overcharged. Actual fare: 17951.92 COP, captured: 29001.66 (62% diff). Issue partial refund of 11049.74 COP.","{""auth_amount"": 19136.13, ""capture_amount"": 29001.66, ""actual_fare"": 17951.92, ""estimated_fare"": 19136.13, ""mismatch_pct"": 61.6, ""direction"": ""overcharge"", ""auth_txn_id"": ""TXN-00354"", ""capture_txn_id"": ""TXN-00355""}",2026-02-23T21:53:33,2.73
RIDE-00109,ghost_refund,money_lost,31940.93,COP,CO,99,Investigate refund TXN-00243 of 31940.93 COP on ride RIDE-00109: status is 'completed' with no dispute on record. Escalate to fraud team.,"{""refund_amount"": 31940.93, ""capture_amount"": 27196.43, ""refund_txn_id"": ""TXN-00243"", ""reference_txn_id"": ""TXN-00242"", ""days_after_capture"": 8.5, ""ride_status"": ""completed"", ""has_dispute_record"": false, ""refund_exceeds_capture"": true}",2026-02-23T21:53:33,7.89
RIDE-00110,ghost_refund,money_lost,458.36,MXN,MX,99,Investigate refund TXN-00246 of 458.36 MXN on ride RIDE-00110: status is 'completed' with no dispute on record. Escalate to fraud team.,"{""refund_amount"": 458.36, ""capture_amount"": 425.84, ""refund_txn_id"": ""TXN-00246"", ""reference_txn_id"": ""TXN-00245"", ""days_after_capture"": 6.5, ""ride_status"": ""completed"", ""has_dispute_record"": false, ""refund_exceeds_capture"": true}",2026-02-23T21:53:33,26.56
RIDE-00281,ghost_refund,money_lost,36464.68,COP,CO,99,Investigate refund TXN-00624 of 36464.68 COP on ride RIDE-00281: status is 'completed' with no dispute on record. Escalate to fraud team.,"{""refund_amount"": 36464.68, ""capture_amount"": 33514.53, ""refund_txn_id"": ""TXN-00624"", ""reference_txn_id"": ""TXN-00623"", ""days_after_capture"": 7.2, ""ride_status"": ""completed"", ""has_dispute_record"": false, ""refund_exceeds_capture"": true}",2026-02-23T21:53:33,9.01
RIDE-00284,ghost_refund,money_lost,93.37,BRL,BR,99,Investigate refund TXN-00631 of 93.37 BRL on ride RIDE-00284: status is 'completed' with no dispute on record. Escalate to fraud team.,"{""refund_amount"": 93.37, ""capture_amount"": 87.19, ""refund_txn_id"": ""TXN-00631"", ""reference_txn_id"": ""TXN-00630"", ""days_after_capture"": 6.5, ""ride_status"": ""completed"", ""has_dispute_record"": false, ""refund_exceeds_capture"": true}",2026-02-23T21:53:33,18.72
RIDE-00346,ghost_refund,money_lost,59189.85,COP,CO,99,Investigate refund TXN-00764 of 59189.85 COP on ride RIDE-00346: status is 'completed' with no dispute on record. Escalate to fraud team.,"{""refund_amount"": 59189.85, ""capture_amount"": 46588.5, ""refund_txn_id"": ""TXN-00764"", ""reference_txn_id"": ""TXN-00763"", ""days_after_capture"": 9.5, ""ride_status"": ""completed"", ""has_dispute_record"": false, ""refund_exceeds_capture"": true}",2026-02-23T21:53:33,14.63
RIDE-00441,ghost_refund,money_lost,84799.51,COP,CO,99,Investigate refund TXN-00968 of 84799.51 COP on ride RIDE-00441: status is 'completed' with no dispute on record. No reference transaction. Escalate to fraud team.,"{""refund_amount"": 84799.51, ""capture_amount"": 84799.51, ""refund_txn_id"": ""TXN-00968"", ""reference_txn_id"": NaN, ""days_after_capture"": 5.3, ""ride_status"": ""completed"", ""has_dispute_record"": false, ""refund_exceeds_capture"": false}",2026-02-23T21:53:33,20.96
RIDE-00460,ghost_refund,money_lost,38302.01,COP,CO,99,Investigate refund TXN-01012 of 38302.01 COP on ride RIDE-00460: status is 'completed' with no dispute on record. No reference transaction. Escalate to fraud team.,"{""refund_amount"": 38302.01, ""capture_amount"": 33781.92, ""refund_txn_id"": ""TXN-01012"", ""reference_txn_id"": NaN, ""days_after_capture"": 10.4, ""ride_status"": ""completed"", ""has_dispute_record"": false, ""refund_exceeds_capture"": true}",2026-02-23T21:53:33,9.47
RIDE-00169,capture_mismatch,money_at_risk,17106.45,COP,CO,99,"Review ride RIDE-00169: overcharged. Actual fare: 29534.91 COP, captured: 46641.36 (58% diff). Issue partial refund of 17106.45 COP.","{""auth_amount"": 30844.89, ""capture_amount"": 46641.36, ""actual_fare"": 29534.91, ""estimated_fare"": 30844.89, ""mismatch_pct"": 57.9, ""direction"": ""overcharge"", ""auth_txn_id"": ""TXN-00377"", ""capture_txn_id"": ""TXN-00378""}",2026-02-23T21:53:33,4.23
RIDE-00119,abandoned_authorization,money_lost,49980.02,COP,CO,98,Abandoned authorization on completed ride RIDE-00119: authorized 48003.46 COP but never captured. Ride fare was 49980.02 COP. Attempt late capture or investigate payment processing failure.,"{""auth_amount"": 48003.46, ""actual_fare"": 49980.02, ""ride_status"": ""completed"", ""auth_txn_id"": ""TXN-00263"", ""auth_timestamp"": ""2026-01-01T06:54:42"", ""has_capture"": false, ""has_void"": false}",2026-02-23T21:53:33,12.35
RIDE-00127,abandoned_authorization,money_lost,146.61,MXN,MX,98,Abandoned authorization on completed ride RIDE-00127: authorized 151.92 MXN but never captured. Ride fare was 146.61 MXN. Attempt late capture or investigate payment processing failure.,"{""auth_amount"": 151.92, ""actual_fare"": 146.61, ""ride_status"": ""completed"", ""auth_txn_id"": ""TXN-00283"", ""auth_timestamp"": ""2026-02-02T16:43:33"", ""has_capture"": false, ""has_void"": false}",2026-02-23T21:53:33,8.49
RIDE-00126,abandoned_authorization,money_lost,207.38,MXN,MX,98,Abandoned authorization on completed ride RIDE-00126: authorized 209.50 MXN but never captured. Ride fare was 207.38 MXN. Attempt late capture or investigate payment processing failure.,"{""auth_amount"": 209.5, ""actual_fare"": 207.38, ""ride_status"": ""completed"", ""auth_txn_id"": ""TXN-00281"", ""auth_timestamp"": ""2026-02-06T14:37:22"", ""has_capture"": false, ""has_void"": false}",2026-02-23T21:53:33,12.02
RIDE-00123,abandoned_authorization,money_lost,34104.58,COP,CO,98,Abandoned authorization on completed ride RIDE-00123: authorized 34850.05 COP but never captured. Ride fare was 34104.58 COP. Attempt late capture or investigate payment processing failure.,"{""auth_amount"": 34850.05, ""actual_fare"": 34104.58, ""ride_status"": ""completed"", ""auth_txn_id"": ""TXN-00273"", ""auth_timestamp"": ""2025-12-22T19:29:02"", ""has_capture"": false, ""has_void"": false}",2026-02-23T21:53:33,8.43
RIDE-00446,duplicate_authorization,money_at_risk,1012.92,MXN,MX,98,Void duplicate authorization(s) for ride RIDE-00446. 2 extra auth(s) detected (5s after first). Investigate gateway retry logic for rider RIDER-0062.,"{""auth_count"": 3, ""first_auth_amount"": 506.46, ""extra_auth_amounts"": [506.46, 506.46], ""time_gap_seconds"": 5.0, ""amounts_identical"": true, ""total_captured"": 507.84, ""txn_ids"": [""TXN-00977"", ""TXN-00979"", ""TXN-00980""]}",2026-02-23T21:53:33,58.69
RIDE-00498,abandoned_authorization,money_lost,423.67,MXN,MX,98,Abandoned authorization on completed ride RIDE-00498: authorized 432.27 MXN but never captured. Ride fare was 423.67 MXN. Attempt late capture or investigate payment processing failure.,"{""auth_amount"": 432.27, ""actual_fare"": 423.67, ""ride_status"": ""completed"", ""auth_txn_id"": ""TXN-01093"", ""auth_timestamp"": ""2025-12-26T16:17:59"", ""has_capture"": false, ""has_void"": false}",2026-02-23T21:53:33,24.55
RIDE-00107,abandoned_authorization,money_lost,292.56,MXN,MX,98,Abandoned authorization on completed ride RIDE-00107: authorized 282.34 MXN but never captured. Ride fare was 292.56 MXN. Attempt late capture or investigate payment processing failure.,"{""auth_amount"": 282.34, ""actual_fare"": 292.56, ""ride_status"": ""completed"", ""auth_txn_id"": ""TXN-00237"", ""auth_timestamp"": ""2025-12-26T18:34:53"", ""has_capture"": false, ""has_void"": false}",2026-02-23T21:53:33,16.95
RIDE-00053,abandoned_authorization,money_lost,454.93,MXN,MX,98,Abandoned authorization on completed ride RIDE-00053: authorized 485.70 MXN but never captured. Ride fare was 454.93 MXN. Attempt late capture or investigate payment processing failure.,"{""auth_amount"": 485.7, ""actual_fare"": 454.93, ""ride_status"": ""completed"", ""auth_txn_id"": ""TXN-00119"", ""auth_timestamp"": ""2025-12-10T09:53:54"", ""has_capture"": false, ""has_void"": false}",2026-02-23T21:53:33,26.36
RIDE-00038,abandoned_authorization,money_lost,58.77,BRL,BR,98,Abandoned authorization on completed ride RIDE-00038: authorized 56.29 BRL but never captured. Ride fare was 58.77 BRL. Attempt late capture or investigate payment processing failure.,"{""auth_amount"": 56.29, ""actual_fare"": 58.77, ""ride_status"": ""completed"", ""auth_txn_id"": ""TXN-00084"", ""auth_timestamp"": ""2026-01-28T03:40:31"", ""has_capture"": false, ""has_void"": false}",2026-02-23T21:53:33,11.78
RIDE-00182,abandoned_authorization,money_lost,464.34,MXN,MX,98,Abandoned authorization on completed ride RIDE-00182: authorized 459.74 MXN but never captured. Ride fare was 464.34 MXN. Attempt late capture or investigate payment processing failure.,"{""auth_amount"": 459.74, ""actual_fare"": 464.34, ""ride_status"": ""completed"", ""auth_txn_id"": ""TXN-00405"", ""auth_timestamp"": ""2025-12-22T12:23:25"", ""has_capture"": false, ""has_void"": false}",2026-02-23T21:53:33,26.9
RIDE-00165,abandoned_authorization,money_lost,147.93,BRL,BR,98,Abandoned authorization on completed ride RIDE-00165: authorized 156.91 BRL but never captured. Ride fare was 147.93 BRL. Attempt late capture or investigate payment processing failure.,"{""auth_amount"": 156.91, ""actual_fare"": 147.93, ""ride_status"": ""completed"", ""auth_txn_id"": ""TXN-00368"", ""auth_timestamp"": ""2026-01-28T07:04:37"", ""has_capture"": false, ""has_void"": false}",2026-02-23T21:53:33,29.65
RIDE-00108,abandoned_authorization,money_lost,34059.56,COP,CO,98,Abandoned authorization on completed ride RIDE-00108: authorized 35765.44 COP but never captured. Ride fare was 34059.56 COP. Attempt late capture or investigate payment processing failure.,"{""auth_amount"": 35765.44, ""actual_fare"": 34059.56, ""ride_status"": ""completed"", ""auth_txn_id"": ""TXN-00239"", ""auth_timestamp"": ""2026-02-09T17:37:58"", ""has_capture"": false, ""has_void"": false}",2026-02-23T21:53:33,8.42
RIDE-00198,abandoned_authorization,money_lost,72.81,BRL,BR,98,Abandoned authorization on completed ride RIDE-00198: authorized 74.12 BRL but never captured. Ride fare was 72.81 BRL. Attempt late capture or investigate payment processing failure.,"{""auth_amount"": 74.12, ""actual_fare"": 72.81, ""ride_status"": ""completed"", ""auth_txn_id"": ""TXN-00441"", ""auth_timestamp"": ""2025-12-30T11:59:17"", ""has_capture"": false, ""has_void"": false}",2026-02-23T21:53:33,14.6
RIDE-00497,abandoned_authorization,money_lost,283.33,MXN,MX,98,Abandoned authorization on completed ride RIDE-00497: authorized 289.24 MXN but never captured. Ride fare was 283.33 MXN. Attempt late capture or investigate payment processing failure.,"{""auth_amount"": 289.24, ""actual_fare"": 283.33, ""ride_status"": ""completed"", ""auth_txn_id"": ""TXN-01091"", ""auth_timestamp"": ""2025-12-01T19:04:17"", ""has_capture"": false, ""has_void"": false}",2026-02-23T21:53:33,16.42
RIDE-00085,duplicate_authorization,money_at_risk,911.96,MXN,MX,98,Void duplicate authorization(s) for ride RIDE-00085. 2 extra auth(s) detected (5s after first). Investigate gateway retry logic for rider RIDER-0038.,"{""auth_count"": 3, ""first_auth_amount"": 455.98, ""extra_auth_amounts"": [455.98, 455.98], ""time_gap_seconds"": 5.0, ""amounts_identical"": true, ""total_captured"": 438.69, ""txn_ids"": [""TXN-00189"", ""TXN-00191"", ""TXN-00192""]}",2026-02-23T21:53:33,52.84
RIDE-00350,abandoned_authorization,money_lost,190.58,MXN,MX,98,Abandoned authorization on completed ride RIDE-00350: authorized 186.57 MXN but never captured. Ride fare was 190.58 MXN. Attempt late capture or investigate payment processing failure.,"{""auth_amount"": 186.57, ""actual_fare"": 190.58, ""ride_status"": ""completed"", ""auth_txn_id"": ""TXN-00772"", ""auth_timestamp"": ""2025-12-21T12:14:39"", ""has_capture"": false, ""has_void"": false}",2026-02-23T21:53:33,11.04
RIDE-00334,abandoned_authorization,money_lost,578.87,MXN,MX,98,Abandoned authorization on completed ride RIDE-00334: authorized 579.43 MXN but never captured. Ride fare was 578.87 MXN. Attempt late capture or investigate payment processing failure.,"{""auth_amount"": 579.43, ""actual_fare"": 578.87, ""ride_status"": ""completed"", ""auth_txn_id"": ""TXN-00738"", ""auth_timestamp"": ""2026-01-24T00:12:33"", ""has_capture"": false, ""has_void"": false}",2026-02-23T21:53:33,33.54
RIDE-00214,abandoned_authorization,money_lost,105.94,BRL,BR,98,Abandoned authorization on completed ride RIDE-00214: authorized 106.25 BRL but never captured. Ride fare was 105.94 BRL. Attempt late capture or investigate payment processing failure.,"{""auth_amount"": 106.25, ""actual_fare"": 105.94, ""ride_status"": ""completed"", ""auth_txn_id"": ""TXN-00475"", ""auth_timestamp"": ""2026-01-18T14:11:04"", ""has_capture"": false, ""has_void"": false}",2026-02-23T21:53:33,21.24
RIDE-00405,abandoned_authorization,money_lost,12551.04,COP,CO,98,Abandoned authorization on completed ride RIDE-00405: authorized 12318.98 COP but never captured. Ride fare was 12551.04 COP. Attempt late capture or investigate payment processing failure.,"{""auth_amount"": 12318.98, ""actual_fare"": 12551.04, ""ride_status"": ""completed"", ""auth_txn_id"": ""TXN-00891"", ""auth_timestamp"": ""2026-01-06T01:01:12"", ""has_capture"": false, ""has_void"": false}",2026-02-23T21:53:33,3.1
RIDE-00449,abandoned_authorization,money_lost,225.35,MXN,MX,98,Abandoned authorization on completed ride RIDE-00449: authorized 227.13 MXN but never captured. Ride fare was 225.35 MXN. Attempt late capture or investigate payment processing failure.,"{""auth_amount"": 227.13, ""actual_fare"": 225.35, ""ride_status"": ""completed"", ""auth_txn_id"": ""TXN-00985"", ""auth_timestamp"": ""2025-12-07T12:39:54"", ""has_capture"": false, ""has_void"": false}",2026-02-23T21:53:33,13.06
RIDE-00493,abandoned_authorization,money_lost,76477.19,COP,CO,98,Abandoned authorization on completed ride RIDE-00493: authorized 80562.41 COP but never captured. Ride fare was 76477.19 COP. Attempt late capture or investigate payment processing failure.,"{""auth_amount"": 80562.41, ""actual_fare"": 76477.19, ""ride_status"": ""completed"", ""auth_txn_id"": ""TXN-01083"", ""auth_timestamp"": ""2025-12-30T22:58:05"", ""has_capture"": false, ""has_void"": false}",2026-02-23T21:53:33,18.9
RIDE-00037,duplicate_authorization,money_at_risk,711.52,MXN,MX,98,Void duplicate authorization(s) for ride RIDE-00037. 2 extra auth(s) detected (5s after first). Investigate gateway retry logic for rider RIDER-0029.,"{""auth_count"": 3, ""first_auth_amount"": 355.76, ""extra_auth_amounts"": [355.76, 355.76], ""time_gap_seconds"": 5.0, ""amounts_identical"": true, ""total_captured"": 366.59, ""txn_ids"": [""TXN-00080"", ""TXN-00082"", ""TXN-00083""]}",2026-02-23T21:53:33,41.23
RIDE-00148,duplicate_authorization,money_at_risk,121068.96,COP,CO,98,Void duplicate authorization(s) for ride RIDE-00148. 2 extra auth(s) detected (5s after first). Investigate gateway retry logic for rider RIDER-0011.,"{""auth_count"": 3, ""first_auth_amount"": 60534.48, ""extra_auth_amounts"": [60534.48, 60534.48], ""time_gap_seconds"": 5.0, ""amounts_identical"": true, ""total_captured"": 55794.04, ""txn_ids"": [""TXN-00327"", ""TXN-00329"", ""TXN-00330""]}",2026-02-23T21:53:33,29.92
RIDE-00317,abandoned_authorization,money_lost,55788.58,COP,CO,98,Abandoned authorization on completed ride RIDE-00317: authorized 54008.58 COP but never captured. Ride fare was 55788.58 COP. Attempt late capture or investigate payment processing failure.,"{""auth_amount"": 54008.58, ""actual_fare"": 55788.58, ""ride_status"": ""completed"", ""auth_txn_id"": ""TXN-00701"", ""auth_timestamp"": ""2026-01-13T01:36:30"", ""has_capture"": false, ""has_void"": false}",2026-02-23T21:53:33,13.79
RIDE-00154,duplicate_authorization,money_at_risk,245.42,MXN,MX,98,Void duplicate authorization(s) for ride RIDE-00154. 2 extra auth(s) detected (5s after first). Investigate gateway retry logic for rider RIDER-0076.,"{""auth_count"": 3, ""first_auth_amount"": 122.71, ""extra_auth_amounts"": [122.71, 122.71], ""time_gap_seconds"": 5.0, ""amounts_identical"": true, ""total_captured"": 117.59, ""txn_ids"": [""TXN-00342"", ""TXN-00344"", ""TXN-00345""]}",2026-02-23T21:53:33,14.22
RIDE-00289,abandoned_authorization,money_lost,79.15,BRL,BR,98,Abandoned authorization on completed ride RIDE-00289: authorized 76.32 BRL but never captured. Ride fare was 79.15 BRL. Attempt late capture or investigate payment processing failure.,"{""auth_amount"": 76.32, ""actual_fare"": 79.15, ""ride_status"": ""completed"", ""auth_txn_id"": ""TXN-00640"", ""auth_timestamp"": ""2026-01-24T12:11:26"", ""has_capture"": false, ""has_void"": false}",2026-02-23T21:53:33,15.87
RIDE-00276,abandoned_authorization,money_lost,176.18,BRL,BR,98,Abandoned authorization on completed ride RIDE-00276: authorized 180.00 BRL but never captured. Ride fare was 176.18 BRL. Attempt late capture or investigate payment processing failure.,"{""auth_amount"": 180.0, ""actual_fare"": 176.18, ""ride_status"": ""completed"", ""auth_txn_id"": ""TXN-00611"", ""auth_timestamp"": ""2025-12-04T05:44:41"", ""has_capture"": false, ""has_void"": false}",2026-02-23T21:53:33,35.32
RIDE-00242,abandoned_authorization,money_lost,181.59,BRL,BR,98,Abandoned authorization on completed ride RIDE-00242: authorized 180.00 BRL but never captured. Ride fare was 181.59 BRL. Attempt late capture or investigate payment processing failure.,"{""auth_amount"": 180.0, ""actual_fare"": 181.59, ""ride_status"": ""completed"", ""auth_txn_id"": ""TXN-00537"", ""auth_timestamp"": ""2026-01-13T08:32:51"", ""has_capture"": false, ""has_void"": false}",2026-02-23T21:53:33,36.4
RIDE-00357,abandoned_authorization,money_lost,648.23,MXN,MX,98,Abandoned authorization on completed ride RIDE-00357: authorized 650.00 MXN but never captured. Ride fare was 648.23 MXN. Attempt late capture or investigate payment processing failure.,"{""auth_amount"": 650.0, ""actual_fare"": 648.23, ""ride_status"": ""completed"", ""auth_txn_id"": ""TXN-00787"", ""auth_timestamp"": ""2026-01-09T07:47:37"", ""has_capture"": false, ""has_void"": false}",2026-02-23T21:53:33,37.56
RIDE-00373,ghost_refund,money_lost,27176.0,COP,CO,95,Investigate refund TXN-00822 of 27176.00 COP on ride RIDE-00373: status is 'completed' with no dispute on record. No reference transaction. Escalate to fraud team.,"{""refund_amount"": 27176.0, ""capture_amount"": 59307.78, ""refund_txn_id"": ""TXN-00822"", ""reference_txn_id"": NaN, ""days_after_capture"": 1.2, ""ride_status"": ""completed"", ""has_dispute_record"": false, ""refund_exceeds_capture"": false}",2026-02-23T21:53:33,6.72
RIDE-00209,ghost_refund,money_lost,54684.55,COP,CO,95,Investigate refund TXN-00466 of 54684.55 COP on ride RIDE-00209: status is 'completed' with no dispute on record. No reference transaction. Escalate to fraud team.,"{""refund_amount"": 54684.55, ""capture_amount"": 54684.55, ""refund_txn_id"": ""TXN-00466"", ""reference_txn_id"": NaN, ""days_after_capture"": 4.5, ""ride_status"": ""completed"", ""has_dispute_record"": false, ""refund_exceeds_capture"": false}",2026-02-23T21:53:33,13.51
RIDE-00320,ghost_refund,money_lost,424.45,MXN,MX,95,Investigate refund TXN-00709 of 424.45 MXN on ride RIDE-00320: status is 'completed' with no dispute on record. Escalate to fraud team.,"{""refund_amount"": 424.45, ""capture_amount"": 424.45, ""refund_txn_id"": ""TXN-00709"", ""reference_txn_id"": ""TXN-00708"", ""days_after_capture"": 5.5, ""ride_status"": ""completed"", ""has_dispute_record"": false, ""refund_exceeds_capture"": false}",2026-02-23T21:53:33,24.59
RIDE-00072,ghost_refund,money_lost,191.95,MXN,MX,95,Investigate refund TXN-00162 of 191.95 MXN on ride RIDE-00072: status is 'completed' with no dispute on record. No reference transaction. Escalate to fraud team.,"{""refund_amount"": 191.95, ""capture_amount"": 322.34, ""refund_txn_id"": ""TXN-00162"", ""reference_txn_id"": NaN, ""days_after_capture"": 2.2, ""ride_status"": ""completed"", ""has_dispute_record"": false, ""refund_exceeds_capture"": false}",2026-02-23T21:53:33,11.12
RIDE-00500,capture_mismatch,money_lost,233.82,MXN,MX,95,"Review ride RIDE-00500: under-collected. Actual fare: 359.85 MXN, captured: 126.03 (65% diff). Investigate uncaptured amount of 233.82 MXN.","{""auth_amount"": 351.13, ""capture_amount"": 126.03, ""actual_fare"": 359.85, ""estimated_fare"": 351.13, ""mismatch_pct"": 65.0, ""direction"": ""undercharge"", ""auth_txn_id"": ""TXN-01097"", ""capture_txn_id"": ""TXN-01098""}",2026-02-23T21:53:33,13.55
RIDE-00470,ghost_refund,money_lost,42458.36,COP,CO,95,Investigate refund TXN-01035 of 42458.36 COP on ride RIDE-00470: status is 'completed' with no dispute on record. No reference transaction. Escalate to fraud team.,"{""refund_amount"": 42458.36, ""capture_amount"": 77507.98, ""refund_txn_id"": ""TXN-01035"", ""reference_txn_id"": NaN, ""days_after_capture"": 1.1, ""ride_status"": ""completed"", ""has_dispute_record"": false, ""refund_exceeds_capture"": false}",2026-02-23T21:53:33,10.49
RIDE-00424,ghost_refund,money_lost,600.05,MXN,MX,95,Investigate refund TXN-00933 of 600.05 MXN on ride RIDE-00424: status is 'completed' with no dispute on record. Escalate to fraud team.,"{""refund_amount"": 600.05, ""capture_amount"": 600.05, ""refund_txn_id"": ""TXN-00933"", ""reference_txn_id"": ""TXN-00932"", ""days_after_capture"": 5.3, ""ride_status"": ""completed"", ""has_dispute_record"": false, ""refund_exceeds_capture"": false}",2026-02-23T21:53:33,34.77
RIDE-00092,currency_discrepancy,money_at_risk,1.83,MXN,MX,95,"Currency discrepancy on ride RIDE-00092: captured 97.48 MXN, reported as $7.48 USD but expected $5.65 USD (32.4% diff). Review processor FX rate configuration for MXN transactions.","{""local_amount"": 97.48, ""reported_usd"": 7.48, ""expected_usd"": 5.65, ""exchange_rate_used"": 13.0321, ""expected_rate"": 17.2545, ""discrepancy_pct"": 32.4, ""direction"": ""overstated"", ""tolerance_threshold"": ""2.0%"", ""capture_txn_id"": ""TXN-00206""}",2026-02-23T21:53:33,1.83
RIDE-00120,currency_discrepancy,money_lost,2.95,COP,CO,95,"Currency discrepancy on ride RIDE-00120: captured 57918.54 COP, reported as $11.41 USD but expected $14.36 USD (20.5% diff). Review processor FX rate configuration for COP transactions.","{""local_amount"": 57918.54, ""reported_usd"": 11.41, ""expected_usd"": 14.36, ""exchange_rate_used"": 5076.1209, ""expected_rate"": 4033.6634, ""discrepancy_pct"": 20.5, ""direction"": ""understated"", ""tolerance_threshold"": ""3.0%"", ""capture_txn_id"": ""TXN-00266""}",2026-02-23T21:53:33,2.95
RIDE-00141,currency_discrepancy,money_at_risk,3.39,MXN,MX,95,"Currency discrepancy on ride RIDE-00141: captured 217.46 MXN, reported as $15.78 USD but expected $12.39 USD (27.3% diff). Review processor FX rate configuration for MXN transactions.","{""local_amount"": 217.46, ""reported_usd"": 15.78, ""expected_usd"": 12.39, ""exchange_rate_used"": 13.7807, ""expected_rate"": 17.5447, ""discrepancy_pct"": 27.3, ""direction"": ""overstated"", ""tolerance_threshold"": ""2.0%"", ""capture_txn_id"": ""TXN-00313""}",2026-02-23T21:53:33,3.39
RIDE-00260,currency_discrepancy,money_lost,6.57,MXN,MX,95,"Currency discrepancy on ride RIDE-00260: captured 508.07 MXN, reported as $22.87 USD but expected $29.44 USD (22.3% diff). Review processor FX rate configuration for MXN transactions.","{""local_amount"": 508.07, ""reported_usd"": 22.87, ""expected_usd"": 29.44, ""exchange_rate_used"": 22.2156, ""expected_rate"": 17.2587, ""discrepancy_pct"": 22.3, ""direction"": ""understated"", ""tolerance_threshold"": ""2.0%"", ""capture_txn_id"": ""TXN-00578""}",2026-02-23T21:53:33,6.57
RIDE-00319,currency_discrepancy,money_at_risk,8.35,COP,CO,95,"Currency discrepancy on ride RIDE-00319: captured 79119.33 COP, reported as $28.03 USD but expected $19.68 USD (42.5% diff). Review processor FX rate configuration for COP transactions.","{""local_amount"": 79119.33, ""reported_usd"": 28.03, ""expected_usd"": 19.68, ""exchange_rate_used"": 2822.6661, ""expected_rate"": 4021.1393, ""discrepancy_pct"": 42.5, ""direction"": ""overstated"", ""tolerance_threshold"": ""3.0%"", ""capture_txn_id"": ""TXN-00706""}",2026-02-23T21:53:33,8.35
RIDE-00393,currency_discrepancy,money_at_risk,5.71,BRL,BR,95,"Currency discrepancy on ride RIDE-00393: captured 120.17 BRL, reported as $30.17 USD but expected $24.46 USD (23.4% diff). Review processor FX rate configuration for BRL transactions.","{""local_amount"": 120.17, ""reported_usd"": 30.17, ""expected_usd"": 24.46, ""exchange_rate_used"": 3.9831, ""expected_rate"": 4.9139, ""discrepancy_pct"": 23.4, ""direction"": ""overstated"", ""tolerance_threshold"": ""3.0%"", ""capture_txn_id"": ""TXN-00866""}",2026-02-23T21:53:33,5.71
RIDE-00417,currency_discrepancy,money_at_risk,2.65,COP,CO,95,"Currency discrepancy on ride RIDE-00417: captured 33333.68 COP, reported as $10.80 USD but expected $8.15 USD (32.5% diff). Review processor FX rate configuration for COP transactions.","{""local_amount"": 33333.68, ""reported_usd"": 10.8, ""expected_usd"": 8.15, ""exchange_rate_used"": 3086.4519, ""expected_rate"": 4088.1086, ""discrepancy_pct"": 32.5, ""direction"": ""overstated"", ""tolerance_threshold"": ""3.0%"", ""capture_txn_id"": ""TXN-00917""}",2026-02-23T21:53:33,2.65
RIDE-00442,capture_mismatch,money_at_risk,163.0,MXN,MX,95,"Review ride RIDE-00442: overcharged. Actual fare: 435.54 MXN, captured: 598.54 (37% diff). Issue partial refund of 163.00 MXN.","{""auth_amount"": 424.37, ""capture_amount"": 598.54, ""actual_fare"": 435.54, ""estimated_fare"": 424.37, ""mismatch_pct"": 37.4, ""direction"": ""overcharge"", ""auth_txn_id"": ""TXN-00969"", ""capture_txn_id"": ""TXN-00970""}",2026-02-23T21:53:33,9.44
RIDE-00261,abandoned_authorization,money_lost,29922.47,COP,CO,95,Abandoned authorization on completed ride RIDE-00261: authorized 32471.10 COP but never captured. Ride fare was 29922.47 COP. Attempt late capture or investigate payment processing failure.,"{""auth_amount"": 32471.1, ""actual_fare"": 29922.47, ""ride_status"": ""completed"", ""auth_txn_id"": ""TXN-00579"", ""auth_timestamp"": ""2026-02-15T22:44:15"", ""has_capture"": false, ""has_void"": false}",2026-02-23T21:53:33,7.39
RIDE-00483,capture_mismatch,money_lost,185.53,MXN,MX,95,"Review ride RIDE-00483: under-collected. Actual fare: 325.72 MXN, captured: 140.19 (57% diff). Investigate uncaptured amount of 185.53 MXN.","{""auth_amount"": 313.85, ""capture_amount"": 140.19, ""actual_fare"": 325.72, ""estimated_fare"": 313.85, ""mismatch_pct"": 57.0, ""direction"": ""undercharge"", ""auth_txn_id"": ""TXN-01062"", ""capture_txn_id"": ""TXN-01063""}",2026-02-23T21:53:33,10.75
RIDE-00007,duplicate_authorization,money_at_risk,68.43,BRL,BR,95,Void duplicate authorization(s) for ride RIDE-00007. 1 extra auth(s) detected (41s after first). Investigate gateway retry logic for rider RIDER-0015.,"{""auth_count"": 2, ""first_auth_amount"": 68.43, ""extra_auth_amounts"": [68.43], ""time_gap_seconds"": 41.0, ""amounts_identical"": true, ""total_captured"": 66.08, ""txn_ids"": [""TXN-00014"", ""TXN-00016""]}",2026-02-23T21:53:33,13.72
RIDE-00167,ghost_refund,money_lost,172.57,MXN,MX,95,Investigate refund TXN-00374 of 172.57 MXN on ride RIDE-00167: status is 'completed' with no dispute on record. Escalate to fraud team.,"{""refund_amount"": 172.57, ""capture_amount"": 172.57, ""refund_txn_id"": ""TXN-00374"", ""reference_txn_id"": ""TXN-00373"", ""days_after_capture"": 5.1, ""ride_status"": ""completed"", ""has_dispute_record"": false, ""refund_exceeds_capture"": false}",2026-02-23T21:53:33,10.0
RIDE-00376,duplicate_authorization,money_at_risk,371.49,MXN,MX,95,Void duplicate authorization(s) for ride RIDE-00376. 1 extra auth(s) detected (41s after first). Investigate gateway retry logic for rider RIDER-0061.,"{""auth_count"": 2, ""first_auth_amount"": 371.49, ""extra_auth_amounts"": [371.49], ""time_gap_seconds"": 41.0, ""amounts_identical"": true, ""total_captured"": 379.54, ""txn_ids"": [""TXN-00827"", ""TXN-00829""]}",2026-02-23T21:53:33,21.52
RIDE-00295,capture_mismatch,money_lost,52260.7,COP,CO,95,"Review ride RIDE-00295: under-collected. Actual fare: 79096.50 COP, captured: 26835.80 (66% diff). Investigate uncaptured amount of 52260.70 COP.","{""auth_amount"": 80884.89, ""capture_amount"": 26835.8, ""actual_fare"": 79096.5, ""estimated_fare"": 80884.89, ""mismatch_pct"": 66.1, ""direction"": ""undercharge"", ""auth_txn_id"": ""TXN-00652"", ""capture_txn_id"": ""TXN-00653""}",2026-02-23T21:53:33,12.91
RIDE-00283,capture_mismatch,money_lost,59.03,BRL,BR,95,"Review ride RIDE-00283: under-collected. Actual fare: 94.74 BRL, captured: 35.71 (62% diff). Investigate uncaptured amount of 59.03 BRL.","{""auth_amount"": 101.94, ""capture_amount"": 35.71, ""actual_fare"": 94.74, ""estimated_fare"": 101.94, ""mismatch_pct"": 62.3, ""direction"": ""undercharge"", ""auth_txn_id"": ""TXN-00627"", ""capture_txn_id"": ""TXN-00628""}",2026-02-23T21:53:33,11.83
RIDE-00199,duplicate_authorization,money_at_risk,650.0,MXN,MX,95,Void duplicate authorization(s) for ride RIDE-00199. 1 extra auth(s) detected (17s after first). Investigate gateway retry logic for rider RIDER-0079.,"{""auth_count"": 2, ""first_auth_amount"": 650.0, ""extra_auth_amounts"": [650.0], ""time_gap_seconds"": 17.0, ""amounts_identical"": true, ""total_captured"": 671.83, ""txn_ids"": [""TXN-00443"", ""TXN-00445""]}",2026-02-23T21:53:33,37.66
RIDE-00250,duplicate_authorization,money_at_risk,339.67,MXN,MX,95,Void duplicate authorization(s) for ride RIDE-00250. 1 extra auth(s) detected (36s after first). Investigate gateway retry logic for rider RIDER-0028.,"{""auth_count"": 2, ""first_auth_amount"": 339.67, ""extra_auth_amounts"": [339.67], ""time_gap_seconds"": 36.0, ""amounts_identical"": true, ""total_captured"": 351.98, ""txn_ids"": [""TXN-00554"", ""TXN-00556""]}",2026-02-23T21:53:33,19.68
RIDE-00326,duplicate_authorization,money_at_risk,324.98,MXN,MX,95,Void duplicate authorization(s) for ride RIDE-00326. 1 extra auth(s) detected (4s after first). Investigate gateway retry logic for rider RIDER-0001.,"{""auth_count"": 2, ""first_auth_amount"": 322.38, ""extra_auth_amounts"": [324.98], ""time_gap_seconds"": 4.0, ""amounts_identical"": true, ""total_captured"": 319.41, ""txn_ids"": [""TXN-00720"", ""TXN-00722""]}",2026-02-23T21:53:33,18.83
RIDE-00348,duplicate_authorization,money_at_risk,45912.27,COP,CO,95,Void duplicate authorization(s) for ride RIDE-00348. 1 extra auth(s) detected (2s after first). Investigate gateway retry logic for rider RIDER-0025.,"{""auth_count"": 2, ""first_auth_amount"": 46112.89, ""extra_auth_amounts"": [45912.27], ""time_gap_seconds"": 2.0, ""amounts_identical"": true, ""total_captured"": 43791.12, ""txn_ids"": [""TXN-00767"", ""TXN-00769""]}",2026-02-23T21:53:33,11.35
RIDE-00365,duplicate_authorization,money_at_risk,20670.65,COP,CO,95,Void duplicate authorization(s) for ride RIDE-00365. 1 extra auth(s) detected (45s after first). Investigate gateway retry logic for rider RIDER-0035.,"{""auth_count"": 2, ""first_auth_amount"": 20670.65, ""extra_auth_amounts"": [20670.65], ""time_gap_seconds"": 45.0, ""amounts_identical"": true, ""total_captured"": 20449.15, ""txn_ids"": [""TXN-00803"", ""TXN-00805""]}",2026-02-23T21:53:33,5.11
RIDE-00379,duplicate_authorization,money_at_risk,178.6,MXN,MX,95,Void duplicate authorization(s) for ride RIDE-00379. 1 extra auth(s) detected (45s after first). Investigate gateway retry logic for rider RIDER-0033.,"{""auth_count"": 2, ""first_auth_amount"": 178.6, ""extra_auth_amounts"": [178.6], ""time_gap_seconds"": 45.0, ""amounts_identical"": true, ""total_captured"": 177.17, ""txn_ids"": [""TXN-00834"", ""TXN-00836""]}",2026-02-23T21:53:33,10.35
RIDE-00179,duplicate_authorization,money_at_risk,156.12,BRL,BR,95,Void duplicate authorization(s) for ride RIDE-00179. 1 extra auth(s) detected (40s after first). Investigate gateway retry logic for rider RIDER-0011.,"{""auth_count"": 2, ""first_auth_amount"": 156.12, ""extra_auth_amounts"": [156.12], ""time_gap_seconds"": 40.0, ""amounts_identical"": true, ""total_captured"": 150.96, ""txn_ids"": [""TXN-00398"", ""TXN-00400""]}",2026-02-23T21:53:33,31.3
RIDE-00382,duplicate_authorization,money_at_risk,46879.34,COP,CO,95,Void duplicate authorization(s) for ride RIDE-00382. 1 extra auth(s) detected (34s after first). Investigate gateway retry logic for rider RIDER-0071.,"{""auth_count"": 2, ""first_auth_amount"": 46879.34, ""extra_auth_amounts"": [46879.34], ""time_gap_seconds"": 34.0, ""amounts_identical"": true, ""total_captured"": 45448.63, ""txn_ids"": [""TXN-00841"", ""TXN-00843""]}",2026-02-23T21:53:33,11.58
RIDE-00456,duplicate_authorization,money_at_risk,388.82,MXN,MX,95,Void duplicate authorization(s) for ride RIDE-00456. 1 extra auth(s) detected (29s after first). Investigate gateway retry logic for rider RIDER-0038.,"{""auth_count"": 2, ""first_auth_amount"": 388.82, ""extra_auth_amounts"": [388.82], ""time_gap_seconds"": 29.0, ""amounts_identical"": true, ""total_captured"": 377.5, ""txn_ids"": [""TXN-01000"", ""TXN-01002""]}",2026-02-23T21:53:33,22.53
RIDE-00077,capture_mismatch,money_lost,61.21,BRL,BR,95,"Review ride RIDE-00077: under-collected. Actual fare: 121.10 BRL, captured: 59.89 (51% diff). Investigate uncaptured amount of 61.21 BRL.","{""auth_amount"": 127.21, ""capture_amount"": 59.89, ""actual_fare"": 121.1, ""estimated_fare"": 127.21, ""mismatch_pct"": 50.5, ""direction"": ""undercharge"", ""auth_txn_id"": ""TXN-00172"", ""capture_txn_id"": ""TXN-00173""}",2026-02-23T21:53:33,12.27
RIDE-00467,duplicate_authorization,money_at_risk,87.14,BRL,BR,95,Void duplicate authorization(s) for ride RIDE-00467. 1 extra auth(s) detected (22s after first). Investigate gateway retry logic for rider RIDER-0026.,"{""auth_count"": 2, ""first_auth_amount"": 87.14, ""extra_auth_amounts"": [87.14], ""time_gap_seconds"": 22.0, ""amounts_identical"": true, ""total_captured"": 81.17, ""txn_ids"": [""TXN-01026"", ""TXN-01028""]}",2026-02-23T21:53:33,17.47
RIDE-00068,capture_mismatch,money_lost,87.73,MXN,MX,95,"Review ride RIDE-00068: under-collected. Actual fare: 148.64 MXN, captured: 60.91 (59% diff). Investigate uncaptured amount of 87.73 MXN.","{""auth_amount"": 155.64, ""capture_amount"": 60.91, ""actual_fare"": 148.64, ""estimated_fare"": 155.64, ""mismatch_pct"": 59.0, ""direction"": ""undercharge"", ""auth_txn_id"": ""TXN-00152"", ""capture_txn_id"": ""TXN-00153""}",2026-02-23T21:53:33,5.08
RIDE-00006,capture_mismatch,money_lost,231.85,MXN,MX,95,"Review ride RIDE-00006: under-collected. Actual fare: 352.76 MXN, captured: 120.91 (66% diff). Investigate uncaptured amount of 231.85 MXN.","{""auth_amount"": 360.92, ""capture_amount"": 120.91, ""actual_fare"": 352.76, ""estimated_fare"": 360.92, ""mismatch_pct"": 65.7, ""direction"": ""undercharge"", ""auth_txn_id"": ""TXN-00012"", ""capture_txn_id"": ""TXN-00013""}",2026-02-23T21:53:33,13.43
RIDE-00024,capture_mismatch,money_lost,336.18,MXN,MX,95,"Review ride RIDE-00024: under-collected. Actual fare: 621.44 MXN, captured: 285.26 (54% diff). Investigate uncaptured amount of 336.18 MXN.","{""auth_amount"": 650.0, ""capture_amount"": 285.26, ""actual_fare"": 621.44, ""estimated_fare"": 650.0, ""mismatch_pct"": 54.1, ""direction"": ""undercharge"", ""auth_txn_id"": ""TXN-00054"", ""capture_txn_id"": ""TXN-00055""}",2026-02-23T21:53:33,19.48
RIDE-00060,capture_mismatch,money_lost,170.64,MXN,MX,95,"Review ride RIDE-00060: under-collected. Actual fare: 253.13 MXN, captured: 82.49 (67% diff). Investigate uncaptured amount of 170.64 MXN.","{""auth_amount"": 244.91, ""capture_amount"": 82.49, ""actual_fare"": 253.13, ""estimated_fare"": 244.91, ""mismatch_pct"": 67.4, ""direction"": ""undercharge"", ""auth_txn_id"": ""TXN-00134"", ""capture_txn_id"": ""TXN-00135""}",2026-02-23T21:53:33,9.89
RIDE-00308,capture_mismatch,money_at_risk,190.32,MXN,MX,95,"Review ride RIDE-00308: overcharged. Actual fare: 481.74 MXN, captured: 672.06 (40% diff). Issue partial refund of 190.32 MXN.","{""auth_amount"": 501.24, ""capture_amount"": 672.06, ""actual_fare"": 481.74, ""estimated_fare"": 501.24, ""mismatch_pct"": 39.5, ""direction"": ""overcharge"", ""auth_txn_id"": ""TXN-00682"", ""capture_txn_id"": ""TXN-00683""}",2026-02-23T21:53:33,11.03
RIDE-00023,duplicate_authorization,money_at_risk,155.27,BRL,BR,95,Void duplicate authorization(s) for ride RIDE-00023. 1 extra auth(s) detected (4s after first). Investigate gateway retry logic for rider RIDER-0072.,"{""auth_count"": 2, ""first_auth_amount"": 155.09, ""extra_auth_amounts"": [155.27], ""time_gap_seconds"": 4.0, ""amounts_identical"": true, ""total_captured"": 154.46, ""txn_ids"": [""TXN-00051"", ""TXN-00053""]}",2026-02-23T21:53:33,31.13
RIDE-00044,duplicate_authorization,money_at_risk,132.56,BRL,BR,95,Void duplicate authorization(s) for ride RIDE-00044. 1 extra auth(s) detected (24s after first). Investigate gateway retry logic for rider RIDER-0025.,"{""auth_count"": 2, ""first_auth_amount"": 132.56, ""extra_auth_amounts"": [132.56], ""time_gap_seconds"": 24.0, ""amounts_identical"": true, ""total_captured"": 134.09, ""txn_ids"": [""TXN-00097"", ""TXN-00099""]}",2026-02-23T21:53:33,26.57
RIDE-00048,duplicate_authorization,money_at_risk,650.0,MXN,MX,95,Void duplicate authorization(s) for ride RIDE-00048. 1 extra auth(s) detected (25s after first). Investigate gateway retry logic for rider RIDER-0059.,"{""auth_count"": 2, ""first_auth_amount"": 650.0, ""extra_auth_amounts"": [650.0], ""time_gap_seconds"": 25.0, ""amounts_identical"": true, ""total_captured"": 631.51, ""txn_ids"": [""TXN-00107"", ""TXN-00109""]}",2026-02-23T21:53:33,37.66
RIDE-00052,duplicate_authorization,money_at_risk,23439.62,COP,CO,95,Void duplicate authorization(s) for ride RIDE-00052. 1 extra auth(s) detected (33s after first). Investigate gateway retry logic for rider RIDER-0016.,"{""auth_count"": 2, ""first_auth_amount"": 23439.62, ""extra_auth_amounts"": [23439.62], ""time_gap_seconds"": 33.0, ""amounts_identical"": true, ""total_captured"": 21795.62, ""txn_ids"": [""TXN-00116"", ""TXN-00118""]}",2026-02-23T21:53:33,5.79
RIDE-00416,capture_mismatch,money_at_risk,243.75,MXN,MX,95,"Review ride RIDE-00416: overcharged. Actual fare: 653.72 MXN, captured: 897.47 (37% diff). Issue partial refund of 243.75 MXN.","{""auth_amount"": 650.0, ""capture_amount"": 897.47, ""actual_fare"": 653.72, ""estimated_fare"": 650.0, ""mismatch_pct"": 37.3, ""direction"": ""overcharge"", ""auth_txn_id"": ""TXN-00914"", ""capture_txn_id"": ""TXN-00915""}",2026-02-23T21:53:33,14.12
RIDE-00058,duplicate_authorization,money_at_risk,329.39,MXN,MX,95,Void duplicate authorization(s) for ride RIDE-00058. 1 extra auth(s) detected (45s after first). Investigate gateway retry logic for rider RIDER-0037.,"{""auth_count"": 2, ""first_auth_amount"": 329.39, ""extra_auth_amounts"": [329.39], ""time_gap_seconds"": 45.0, ""amounts_identical"": true, ""total_captured"": 311.87, ""txn_ids"": [""TXN-00129"", ""TXN-00131""]}",2026-02-23T21:53:33,19.09
RIDE-00344,capture_mismatch,money_lost,136.31,MXN,MX,95,"Review ride RIDE-00344: under-collected. Actual fare: 255.65 MXN, captured: 119.34 (53% diff). Investigate uncaptured amount of 136.31 MXN.","{""auth_amount"": 257.26, ""capture_amount"": 119.34, ""actual_fare"": 255.65, ""estimated_fare"": 257.26, ""mismatch_pct"": 53.3, ""direction"": ""undercharge"", ""auth_txn_id"": ""TXN-00758"", ""capture_txn_id"": ""TXN-00759""}",2026-02-23T21:53:33,7.9
RIDE-00149,duplicate_authorization,money_at_risk,82.23,BRL,BR,95,Void duplicate authorization(s) for ride RIDE-00149. 1 extra auth(s) detected (34s after first). Investigate gateway retry logic for rider RIDER-0004.,"{""auth_count"": 2, ""first_auth_amount"": 82.23, ""extra_auth_amounts"": [82.23], ""time_gap_seconds"": 34.0, ""amounts_identical"": true, ""total_captured"": 77.87, ""txn_ids"": [""TXN-00331"", ""TXN-00333""]}",2026-02-23T21:53:33,16.48
RIDE-00125,duplicate_authorization,money_at_risk,164.72,BRL,BR,95,Void duplicate authorization(s) for ride RIDE-00125. 1 extra auth(s) detected (2s after first). Investigate gateway retry logic for rider RIDER-0035.,"{""auth_count"": 2, ""first_auth_amount"": 165.91, ""extra_auth_amounts"": [164.72], ""time_gap_seconds"": 2.0, ""amounts_identical"": true, ""total_captured"": 153.82, ""txn_ids"": [""TXN-00278"", ""TXN-00280""]}",2026-02-23T21:53:33,33.02
RIDE-00170,ghost_refund,money_lost,15770.32,COP,CO,90,Investigate refund TXN-00381 of 15770.32 COP on ride RIDE-00170: status is 'completed' with no dispute on record. Escalate to fraud team.,"{""refund_amount"": 15770.32, ""capture_amount"": 27449.23, ""refund_txn_id"": ""TXN-00381"", ""reference_txn_id"": ""TXN-00380"", ""days_after_capture"": 1.3, ""ride_status"": ""completed"", ""has_dispute_record"": false, ""refund_exceeds_capture"": false}",2026-02-23T21:53:33,3.9
RIDE-00082,ghost_refund,money_lost,107.77,MXN,MX,90,Investigate refund TXN-00184 of 107.77 MXN on ride RIDE-00082: status is 'completed' with no dispute on record. Escalate to fraud team.,"{""refund_amount"": 107.77, ""capture_amount"": 245.39, ""refund_txn_id"": ""TXN-00184"", ""reference_txn_id"": ""TXN-00183"", ""days_after_capture"": 2.3, ""ride_status"": ""completed"", ""has_dispute_record"": false, ""refund_exceeds_capture"": false}",2026-02-23T21:53:33,6.24
RIDE-00001,ghost_refund,money_lost,33963.82,COP,CO,90,Investigate refund TXN-00003 of 33963.82 COP on ride RIDE-00001: status is 'completed' with no dispute on record. Escalate to fraud team.,"{""refund_amount"": 33963.82, ""capture_amount"": 33963.82, ""refund_txn_id"": ""TXN-00003"", ""reference_txn_id"": ""TXN-00002"", ""days_after_capture"": 3.2, ""ride_status"": ""completed"", ""has_dispute_record"": false, ""refund_exceeds_capture"": false}",2026-02-23T21:53:33,8.39
RIDE-00015,ghost_refund,money_lost,68.21,MXN,MX,90,Investigate refund TXN-00034 of 68.21 MXN on ride RIDE-00015: status is 'completed' with no dispute on record. Escalate to fraud team.,"{""refund_amount"": 68.21, ""capture_amount"": 195.2, ""refund_txn_id"": ""TXN-00034"", ""reference_txn_id"": ""TXN-00033"", ""days_after_capture"": 2.5, ""ride_status"": ""completed"", ""has_dispute_record"": false, ""refund_exceeds_capture"": false}",2026-02-23T21:53:33,3.95
RIDE-00042,ghost_refund,money_lost,96.72,BRL,BR,90,Investigate refund TXN-00094 of 96.72 BRL on ride RIDE-00042: status is 'completed' with no dispute on record. Escalate to fraud team.,"{""refund_amount"": 96.72, ""capture_amount"": 171.69, ""refund_txn_id"": ""TXN-00094"", ""reference_txn_id"": ""TXN-00093"", ""days_after_capture"": 1.4, ""ride_status"": ""completed"", ""has_dispute_record"": false, ""refund_exceeds_capture"": false}",2026-02-23T21:53:33,19.39
RIDE-00191,ghost_refund,money_lost,146.05,MXN,MX,90,Investigate refund TXN-00427 of 146.05 MXN on ride RIDE-00191: status is 'completed' with no dispute on record. Escalate to fraud team.,"{""refund_amount"": 146.05, ""capture_amount"": 287.07, ""refund_txn_id"": ""TXN-00427"", ""reference_txn_id"": ""TXN-00426"", ""days_after_capture"": 1.2, ""ride_status"": ""completed"", ""has_dispute_record"": false, ""refund_exceeds_capture"": false}",2026-02-23T21:53:33,8.46
RIDE-00076,ghost_refund,money_lost,161.16,MXN,MX,90,Investigate refund TXN-00171 of 161.16 MXN on ride RIDE-00076: status is 'completed' with no dispute on record. Escalate to fraud team.,"{""refund_amount"": 161.16, ""capture_amount"": 161.16, ""refund_txn_id"": ""TXN-00171"", ""reference_txn_id"": ""TXN-00170"", ""days_after_capture"": 4.4, ""ride_status"": ""completed"", ""has_dispute_record"": false, ""refund_exceeds_capture"": false}",2026-02-23T21:53:33,9.34
RIDE-00227,capture_mismatch,money_lost,21963.52,COP,CO,90,"Review ride RIDE-00227: under-collected. Actual fare: 58016.01 COP, captured: 36052.49 (38% diff). Investigate uncaptured amount of 21963.52 COP.","{""auth_amount"": 57991.68, ""capture_amount"": 36052.49, ""actual_fare"": 58016.01, ""estimated_fare"": 57991.68, ""mismatch_pct"": 37.9, ""direction"": ""undercharge"", ""auth_txn_id"": ""TXN-00503"", ""capture_txn_id"": ""TXN-00504""}",2026-02-23T21:53:33,5.43
RIDE-00146,ghost_refund,money_lost,140.81,BRL,BR,90,Investigate refund TXN-00324 of 140.81 BRL on ride RIDE-00146: status is 'completed' with no dispute on record. Escalate to fraud team.,"{""refund_amount"": 140.81, ""capture_amount"": 140.81, ""refund_txn_id"": ""TXN-00324"", ""reference_txn_id"": ""TXN-00323"", ""days_after_capture"": 3.1, ""ride_status"": ""completed"", ""has_dispute_record"": false, ""refund_exceeds_capture"": false}",2026-02-23T21:53:33,28.23
RIDE-00195,ghost_refund,money_lost,301.33,MXN,MX,90,Investigate refund TXN-00436 of 301.33 MXN on ride RIDE-00195: status is 'completed' with no dispute on record. Escalate to fraud team.,"{""refund_amount"": 301.33, ""capture_amount"": 560.12, ""refund_txn_id"": ""TXN-00436"", ""reference_txn_id"": ""TXN-00435"", ""days_after_capture"": 2.3, ""ride_status"": ""completed"", ""has_dispute_record"": false, ""refund_exceeds_capture"": false}",2026-02-23T21:53:33,17.46
RIDE-00230,ghost_refund,money_lost,16103.25,COP,CO,90,Investigate refund TXN-00511 of 16103.25 COP on ride RIDE-00230: status is 'completed' with no dispute on record. Escalate to fraud team.,"{""refund_amount"": 16103.25, ""capture_amount"": 42037.21, ""refund_txn_id"": ""TXN-00511"", ""reference_txn_id"": ""TXN-00510"", ""days_after_capture"": 2.4, ""ride_status"": ""completed"", ""has_dispute_record"": false, ""refund_exceeds_capture"": false}",2026-02-23T21:53:33,3.98
RIDE-00232,ghost_refund,money_lost,105.02,MXN,MX,90,Investigate refund TXN-00516 of 105.02 MXN on ride RIDE-00232: status is 'completed' with no dispute on record. Escalate to fraud team.,"{""refund_amount"": 105.02, ""capture_amount"": 176.49, ""refund_txn_id"": ""TXN-00516"", ""reference_txn_id"": ""TXN-00515"", ""days_after_capture"": 1.1, ""ride_status"": ""completed"", ""has_dispute_record"": false, ""refund_exceeds_capture"": false}",2026-02-23T21:53:33,6.08
RIDE-00408,ghost_refund,money_lost,114.77,MXN,MX,90,Investigate refund TXN-00899 of 114.77 MXN on ride RIDE-00408: status is 'completed' with no dispute on record. Escalate to fraud team.,"{""refund_amount"": 114.77, ""capture_amount"": 322.18, ""refund_txn_id"": ""TXN-00899"", ""reference_txn_id"": ""TXN-00898"", ""days_after_capture"": 1.1, ""ride_status"": ""completed"", ""has_dispute_record"": false, ""refund_exceeds_capture"": false}",2026-02-23T21:53:33,6.65
RIDE-00263,ghost_refund,money_lost,13531.45,COP,CO,90,Investigate refund TXN-00585 of 13531.45 COP on ride RIDE-00263: status is 'completed' with no dispute on record. Escalate to fraud team.,"{""refund_amount"": 13531.45, ""capture_amount"": 13531.45, ""refund_txn_id"": ""TXN-00585"", ""reference_txn_id"": ""TXN-00584"", ""days_after_capture"": 4.1, ""ride_status"": ""completed"", ""has_dispute_record"": false, ""refund_exceeds_capture"": false}",2026-02-23T21:53:33,3.34
RIDE-00140,ghost_refund,money_lost,10211.82,COP,CO,90,Investigate refund TXN-00311 of 10211.82 COP on ride RIDE-00140: status is 'completed' with no dispute on record. Escalate to fraud team.,"{""refund_amount"": 10211.82, ""capture_amount"": 22345.39, ""refund_txn_id"": ""TXN-00311"", ""reference_txn_id"": ""TXN-00310"", ""days_after_capture"": 2.3, ""ride_status"": ""completed"", ""has_dispute_record"": false, ""refund_exceeds_capture"": false}",2026-02-23T21:53:33,2.52
RIDE-00351,ghost_refund,money_lost,87.99,MXN,MX,90,Investigate refund TXN-00776 of 87.99 MXN on ride RIDE-00351: status is 'completed' with no dispute on record. Escalate to fraud team.,"{""refund_amount"": 87.99, ""capture_amount"": 252.37, ""refund_txn_id"": ""TXN-00776"", ""reference_txn_id"": ""TXN-00775"", ""days_after_capture"": 1.5, ""ride_status"": ""completed"", ""has_dispute_record"": false, ""refund_exceeds_capture"": false}",2026-02-23T21:53:33,5.1
RIDE-00228,capture_mismatch,money_lost,15392.3,COP,CO,90,"Review ride RIDE-00228: under-collected. Actual fare: 39884.53 COP, captured: 24492.23 (39% diff). Investigate uncaptured amount of 15392.30 COP.","{""auth_amount"": 41392.65, ""capture_amount"": 24492.23, ""actual_fare"": 39884.53, ""estimated_fare"": 41392.65, ""mismatch_pct"": 38.6, ""direction"": ""undercharge"", ""auth_txn_id"": ""TXN-00505"", ""capture_txn_id"": ""TXN-00506""}",2026-02-23T21:53:33,3.8
RIDE-00396,ghost_refund,money_lost,150.48,MXN,MX,90,Investigate refund TXN-00873 of 150.48 MXN on ride RIDE-00396: status is 'completed' with no dispute on record. Escalate to fraud team.,"{""refund_amount"": 150.48, ""capture_amount"": 289.7, ""refund_txn_id"": ""TXN-00873"", ""reference_txn_id"": ""TXN-00872"", ""days_after_capture"": 1.3, ""ride_status"": ""completed"", ""has_dispute_record"": false, ""refund_exceeds_capture"": false}",2026-02-23T21:53:33,8.72
RIDE-00422,duplicate_authorization,money_at_risk,22689.4,COP,CO,85,Void duplicate authorization(s) for ride RIDE-00422. 1 extra auth(s) detected (6s after first). Investigate gateway retry logic for rider RIDER-0064.,"{""auth_count"": 2, ""first_auth_amount"": 22944.98, ""extra_auth_amounts"": [22689.4], ""time_gap_seconds"": 6.0, ""amounts_identical"": false, ""total_captured"": 22152.49, ""txn_ids"": [""TXN-00926"", ""TXN-00928""]}",2026-02-23T21:53:33,5.61
RIDE-00121,duplicate_authorization,money_at_risk,51302.85,COP,CO,85,Void duplicate authorization(s) for ride RIDE-00121. 1 extra auth(s) detected (5s after first). Investigate gateway retry logic for rider RIDER-0058.,"{""auth_count"": 2, ""first_auth_amount"": 50330.16, ""extra_auth_amounts"": [51302.85], ""time_gap_seconds"": 5.0, ""amounts_identical"": false, ""total_captured"": 50074.36, ""txn_ids"": [""TXN-00267"", ""TXN-00269""]}",2026-02-23T21:53:33,12.68
RIDE-00461,duplicate_authorization,money_at_risk,103.22,BRL,BR,85,Void duplicate authorization(s) for ride RIDE-00461. 1 extra auth(s) detected (3s after first). Investigate gateway retry logic for rider RIDER-0057.,"{""auth_count"": 2, ""first_auth_amount"": 105.28, ""extra_auth_amounts"": [103.22], ""time_gap_seconds"": 3.0, ""amounts_identical"": false, ""total_captured"": 104.53, ""txn_ids"": [""TXN-01013"", ""TXN-01015""]}",2026-02-23T21:53:33,20.69
RIDE-00472,duplicate_authorization,money_at_risk,639.86,MXN,MX,85,Void duplicate authorization(s) for ride RIDE-00472. 1 extra auth(s) detected (8s after first). Investigate gateway retry logic for rider RIDER-0037.,"{""auth_count"": 2, ""first_auth_amount"": 650.0, ""extra_auth_amounts"": [639.86], ""time_gap_seconds"": 8.0, ""amounts_identical"": false, ""total_captured"": 613.59, ""txn_ids"": [""TXN-01038"", ""TXN-01040""]}",2026-02-23T21:53:33,37.07
RIDE-00164,duplicate_authorization,money_at_risk,52059.87,COP,CO,85,Void duplicate authorization(s) for ride RIDE-00164. 1 extra auth(s) detected (8s after first). Investigate gateway retry logic for rider RIDER-0061.,"{""auth_count"": 2, ""first_auth_amount"": 51145.65, ""extra_auth_amounts"": [52059.87], ""time_gap_seconds"": 8.0, ""amounts_identical"": false, ""total_captured"": 51046.8, ""txn_ids"": [""TXN-00365"", ""TXN-00367""]}",2026-02-23T21:53:33,12.87
RIDE-00390,currency_discrepancy,money_lost,1.42,MXN,MX,85,"Currency discrepancy on ride RIDE-00390: captured 197.45 MXN, reported as $9.94 USD but expected $11.36 USD (12.5% diff). Review processor FX rate configuration for MXN transactions.","{""local_amount"": 197.45, ""reported_usd"": 9.94, ""expected_usd"": 11.36, ""exchange_rate_used"": 19.8642, ""expected_rate"": 17.3831, ""discrepancy_pct"": 12.5, ""direction"": ""understated"", ""tolerance_threshold"": ""2.0%"", ""capture_txn_id"": ""TXN-00860""}",2026-02-23T21:53:33,1.42
RIDE-00300,currency_discrepancy,money_at_risk,2.64,MXN,MX,85,"Currency discrepancy on ride RIDE-00300: captured 348.04 MXN, reported as $22.90 USD but expected $20.26 USD (13.0% diff). Review processor FX rate configuration for MXN transactions.","{""local_amount"": 348.04, ""reported_usd"": 22.9, ""expected_usd"": 20.26, ""exchange_rate_used"": 15.1983, ""expected_rate"": 17.1781, ""discrepancy_pct"": 13.0, ""direction"": ""overstated"", ""tolerance_threshold"": ""2.0%"", ""capture_txn_id"": ""TXN-00664""}",2026-02-23T21:53:33,2.64
RIDE-00291,currency_discrepancy,money_lost,1.1,BRL,BR,85,"Currency discrepancy on ride RIDE-00291: captured 43.69 BRL, reported as $7.74 USD but expected $8.84 USD (12.5% diff). Review processor FX rate configuration for BRL transactions.","{""local_amount"": 43.69, ""reported_usd"": 7.74, ""expected_usd"": 8.84, ""exchange_rate_used"": 5.6447, ""expected_rate"": 4.9419, ""discrepancy_pct"": 12.5, ""direction"": ""understated"", ""tolerance_threshold"": ""3.0%"", ""capture_txn_id"": ""TXN-00645""}",2026-02-23T21:53:33,1.1
RIDE-00128,currency_discrepancy,money_lost,1.85,BRL,BR,85,"Currency discrepancy on ride RIDE-00128: captured 77.04 BRL, reported as $13.71 USD but expected $15.56 USD (11.9% diff). Review processor FX rate configuration for BRL transactions.","{""local_amount"": 77.04, ""reported_usd"": 13.71, ""expected_usd"": 15.56, ""exchange_rate_used"": 5.6193, ""expected_rate"": 4.9526, ""discrepancy_pct"": 11.9, ""direction"": ""understated"", ""tolerance_threshold"": ""3.0%"", ""capture_txn_id"": ""TXN-00286""}",2026-02-23T21:53:33,1.85
RIDE-00257,currency_discrepancy,money_lost,2.49,COP,CO,85,"Currency discrepancy on ride RIDE-00257: captured 59992.71 COP, reported as $12.32 USD but expected $14.81 USD (16.8% diff). Review processor FX rate configuration for COP transactions.","{""local_amount"": 59992.71, ""reported_usd"": 12.32, ""expected_usd"": 14.81, ""exchange_rate_used"": 4869.5381, ""expected_rate"": 4050.5945, ""discrepancy_pct"": 16.8, ""direction"": ""understated"", ""tolerance_threshold"": ""3.0%"", ""capture_txn_id"": ""TXN-00572""}",2026-02-23T21:53:33,2.49
RIDE-00254,currency_discrepancy,money_lost,4.03,MXN,MX,85,"Currency discrepancy on ride RIDE-00254: captured 420.80 MXN, reported as $20.47 USD but expected $24.50 USD (16.4% diff). Review processor FX rate configuration for MXN transactions.","{""local_amount"": 420.8, ""reported_usd"": 20.47, ""expected_usd"": 24.5, ""exchange_rate_used"": 20.5569, ""expected_rate"": 17.1767, ""discrepancy_pct"": 16.4, ""direction"": ""understated"", ""tolerance_threshold"": ""2.0%"", ""capture_txn_id"": ""TXN-00565""}",2026-02-23T21:53:33,4.03
RIDE-00282,capture_mismatch,money_at_risk,29.25,BRL,BR,85,"Review ride RIDE-00282: overcharged. Actual fare: 92.55 BRL, captured: 121.80 (32% diff). Issue partial refund of 29.25 BRL.","{""auth_amount"": 97.84, ""capture_amount"": 121.8, ""actual_fare"": 92.55, ""estimated_fare"": 97.84, ""mismatch_pct"": 31.6, ""direction"": ""overcharge"", ""auth_txn_id"": ""TXN-00625"", ""capture_txn_id"": ""TXN-00626""}",2026-02-23T21:53:33,5.86
RIDE-00162,currency_discrepancy,money_lost,1.28,COP,CO,85,"Currency discrepancy on ride RIDE-00162: captured 47427.29 COP, reported as $10.28 USD but expected $11.56 USD (11.1% diff). Review processor FX rate configuration for COP transactions.","{""local_amount"": 47427.29, ""reported_usd"": 10.28, ""expected_usd"": 11.56, ""exchange_rate_used"": 4613.5496, ""expected_rate"": 4102.0017, ""discrepancy_pct"": 11.1, ""direction"": ""understated"", ""tolerance_threshold"": ""3.0%"", ""capture_txn_id"": ""TXN-00362""}",2026-02-23T21:53:33,1.28
RIDE-00471,capture_mismatch,money_at_risk,16424.98,COP,CO,85,"Review ride RIDE-00471: overcharged. Actual fare: 61958.71 COP, captured: 78383.69 (27% diff). Issue partial refund of 16424.98 COP.","{""auth_amount"": 60202.35, ""capture_amount"": 78383.69, ""actual_fare"": 61958.71, ""estimated_fare"": 60202.35, ""mismatch_pct"": 26.5, ""direction"": ""overcharge"", ""auth_txn_id"": ""TXN-01036"", ""capture_txn_id"": ""TXN-01037""}",2026-02-23T21:53:33,4.06
RIDE-00147,currency_discrepancy,money_at_risk,2.16,COP,CO,85,"Currency discrepancy on ride RIDE-00147: captured 56578.09 COP, reported as $15.99 USD but expected $13.83 USD (15.6% diff). Review processor FX rate configuration for COP transactions.","{""local_amount"": 56578.09, ""reported_usd"": 15.99, ""expected_usd"": 13.83, ""exchange_rate_used"": 3538.3421, ""expected_rate"": 4091.9069, ""discrepancy_pct"": 15.6, ""direction"": ""overstated"", ""tolerance_threshold"": ""3.0%"", ""capture_txn_id"": ""TXN-00326""}",2026-02-23T21:53:33,2.16
RIDE-00496,capture_mismatch,money_at_risk,15462.04,COP,CO,85,"Review ride RIDE-00496: overcharged. Actual fare: 48691.25 COP, captured: 64153.29 (32% diff). Issue partial refund of 15462.04 COP.","{""auth_amount"": 49150.32, ""capture_amount"": 64153.29, ""actual_fare"": 48691.25, ""estimated_fare"": 49150.32, ""mismatch_pct"": 31.8, ""direction"": ""overcharge"", ""auth_txn_id"": ""TXN-01089"", ""capture_txn_id"": ""TXN-01090""}",2026-02-23T21:53:33,3.82
RIDE-00089,currency_discrepancy,money_at_risk,1.8,MXN,MX,85,"Currency discrepancy on ride RIDE-00089: captured 182.79 MXN, reported as $12.54 USD but expected $10.74 USD (16.8% diff). Review processor FX rate configuration for MXN transactions.","{""local_amount"": 182.79, ""reported_usd"": 12.54, ""expected_usd"": 10.74, ""exchange_rate_used"": 14.5766, ""expected_rate"": 17.0256, ""discrepancy_pct"": 16.8, ""direction"": ""overstated"", ""tolerance_threshold"": ""2.0%"", ""capture_txn_id"": ""TXN-00200""}",2026-02-23T21:53:33,1.8
RIDE-00016,duplicate_authorization,money_at_risk,404.19,MXN,MX,85,Void duplicate authorization(s) for ride RIDE-00016. 1 extra auth(s) detected (8s after first). Investigate gateway retry logic for rider RIDER-0056.,"{""auth_count"": 2, ""first_auth_amount"": 408.35, ""extra_auth_amounts"": [404.19], ""time_gap_seconds"": 8.0, ""amounts_identical"": false, ""total_captured"": 415.29, ""txn_ids"": [""TXN-00035"", ""TXN-00037""]}",2026-02-23T21:53:33,23.42
RIDE-00309,capture_mismatch,money_lost,96.57,MXN,MX,80,"Review ride RIDE-00309: under-collected. Actual fare: 308.85 MXN, captured: 212.28 (31% diff). Investigate uncaptured amount of 96.57 MXN.","{""auth_amount"": 333.75, ""capture_amount"": 212.28, ""actual_fare"": 308.85, ""estimated_fare"": 333.75, ""mismatch_pct"": 31.3, ""direction"": ""undercharge"", ""auth_txn_id"": ""TXN-00684"", ""capture_txn_id"": ""TXN-00685""}",2026-02-23T21:53:33,5.6
RIDE-00005,capture_mismatch,money_lost,124.02,MXN,MX,80,"Review ride RIDE-00005: under-collected. Actual fare: 481.07 MXN, captured: 357.05 (26% diff). Investigate uncaptured amount of 124.02 MXN.","{""auth_amount"": 516.25, ""capture_amount"": 357.05, ""actual_fare"": 481.07, ""estimated_fare"": 516.25, ""mismatch_pct"": 25.8, ""direction"": ""undercharge"", ""auth_txn_id"": ""TXN-00010"", ""capture_txn_id"": ""TXN-00011""}",2026-02-23T21:53:33,7.19
RIDE-00009,currency_discrepancy,money_lost,1.23,MXN,MX,75,"Currency discrepancy on ride RIDE-00009: captured 244.04 MXN, reported as $12.98 USD but expected $14.21 USD (8.6% diff). Review processor FX rate configuration for MXN transactions.","{""local_amount"": 244.04, ""reported_usd"": 12.98, ""expected_usd"": 14.21, ""exchange_rate_used"": 18.8012, ""expected_rate"": 17.1794, ""discrepancy_pct"": 8.6, ""direction"": ""understated"", ""tolerance_threshold"": ""2.0%"", ""capture_txn_id"": ""TXN-00021""}",2026-02-23T21:53:33,1.23
RIDE-00013,currency_discrepancy,money_lost,0.9,COP,CO,75,"Currency discrepancy on ride RIDE-00013: captured 39439.73 COP, reported as $9.12 USD but expected $10.02 USD (9.0% diff). Review processor FX rate configuration for COP transactions.","{""local_amount"": 39439.73, ""reported_usd"": 9.12, ""expected_usd"": 10.02, ""exchange_rate_used"": 4324.5318, ""expected_rate"": 3936.3846, ""discrepancy_pct"": 9.0, ""direction"": ""understated"", ""tolerance_threshold"": ""3.0%"", ""capture_txn_id"": ""TXN-00029""}",2026-02-23T21:53:33,0.9
RIDE-00434,capture_mismatch,money_at_risk,29.71,MXN,MX,70,"Review ride RIDE-00434: overcharged. Actual fare: 201.38 MXN, captured: 231.09 (15% diff). Issue partial refund of 29.71 MXN.","{""auth_amount"": 206.1, ""capture_amount"": 231.09, ""actual_fare"": 201.38, ""estimated_fare"": 206.1, ""mismatch_pct"": 14.8, ""direction"": ""overcharge"", ""auth_txn_id"": ""TXN-00952"", ""capture_txn_id"": ""TXN-00953""}",2026-02-23T21:53:33,1.72
RIDE-00081,currency_discrepancy,money_lost,1.49,BRL,BR,70,"Currency discrepancy on ride RIDE-00081: captured 97.93 BRL, reported as $17.66 USD but expected $19.15 USD (7.8% diff). Review processor FX rate configuration for BRL transactions.","{""local_amount"": 97.93, ""reported_usd"": 17.66, ""expected_usd"": 19.15, ""exchange_rate_used"": 5.5453, ""expected_rate"": 5.1141, ""discrepancy_pct"": 7.8, ""direction"": ""understated"", ""tolerance_threshold"": ""3.0%"", ""capture_txn_id"": ""TXN-00181""}",2026-02-23T21:53:33,1.49
RIDE-00368,capture_mismatch,money_at_risk,4824.62,COP,CO,70,"Review ride RIDE-00368: overcharged. Actual fare: 31413.30 COP, captured: 36237.92 (15% diff). Issue partial refund of 4824.62 COP.","{""auth_amount"": 31631.6, ""capture_amount"": 36237.92, ""actual_fare"": 31413.3, ""estimated_fare"": 31631.6, ""mismatch_pct"": 15.4, ""direction"": ""overcharge"", ""auth_txn_id"": ""TXN-00810"", ""capture_txn_id"": ""TXN-00811""}",2026-02-23T21:53:33,1.19
RIDE-00358,capture_mismatch,money_at_risk,27.39,MXN,MX,70,"Review ride RIDE-00358: overcharged. Actual fare: 226.85 MXN, captured: 254.24 (12% diff). Issue partial refund of 27.39 MXN.","{""auth_amount"": 232.51, ""capture_amount"": 254.24, ""actual_fare"": 226.85, ""estimated_fare"": 232.51, ""mismatch_pct"": 12.1, ""direction"": ""overcharge"", ""auth_txn_id"": ""TXN-00789"", ""capture_txn_id"": ""TXN-00790""}",2026-02-23T21:53:33,1.59
RIDE-00464,capture_mismatch,money_at_risk,53.08,MXN,MX,70,"Review ride RIDE-00464: overcharged. Actual fare: 326.18 MXN, captured: 379.26 (16% diff). Issue partial refund of 53.08 MXN.","{""auth_amount"": 319.15, ""capture_amount"": 379.26, ""actual_fare"": 326.18, ""estimated_fare"": 319.15, ""mismatch_pct"": 16.3, ""direction"": ""overcharge"", ""auth_txn_id"": ""TXN-01020"", ""capture_txn_id"": ""TXN-01021""}",2026-02-23T21:53:33,3.08
RIDE-00050,capture_mismatch,money_at_risk,3250.09,COP,CO,70,"Review ride RIDE-00050: overcharged. Actual fare: 18811.15 COP, captured: 22061.24 (17% diff). Issue partial refund of 3250.09 COP.","{""auth_amount"": 19201.17, ""capture_amount"": 22061.24, ""actual_fare"": 18811.15, ""estimated_fare"": 19201.17, ""mismatch_pct"": 17.3, ""direction"": ""overcharge"", ""auth_txn_id"": ""TXN-00112"", ""capture_txn_id"": ""TXN-00113""}",2026-02-23T21:53:33,0.8
RIDE-00440,capture_mismatch,money_at_risk,68.32,MXN,MX,70,"Review ride RIDE-00440: overcharged. Actual fare: 456.50 MXN, captured: 524.82 (15% diff). Issue partial refund of 68.32 MXN.","{""auth_amount"": 484.06, ""capture_amount"": 524.82, ""actual_fare"": 456.5, ""estimated_fare"": 484.06, ""mismatch_pct"": 15.0, ""direction"": ""overcharge"", ""auth_txn_id"": ""TXN-00964"", ""capture_txn_id"": ""TXN-00965""}",2026-02-23T21:53:33,3.96
RIDE-00175,capture_mismatch,money_lost,6087.31,COP,CO,65,"Review ride RIDE-00175: under-collected. Actual fare: 40052.92 COP, captured: 33965.61 (15% diff). Investigate uncaptured amount of 6087.31 COP.","{""auth_amount"": 42889.74, ""capture_amount"": 33965.61, ""actual_fare"": 40052.92, ""estimated_fare"": 42889.74, ""mismatch_pct"": 15.2, ""direction"": ""undercharge"", ""auth_txn_id"": ""TXN-00390"", ""capture_txn_id"": ""TXN-00391""}",2026-02-23T21:53:33,1.5
RIDE-00375,capture_mismatch,money_lost,7342.2,COP,CO,65,"Review ride RIDE-00375: under-collected. Actual fare: 44999.64 COP, captured: 37657.44 (16% diff). Investigate uncaptured amount of 7342.20 COP.","{""auth_amount"": 48304.32, ""capture_amount"": 37657.44, ""actual_fare"": 44999.64, ""estimated_fare"": 48304.32, ""mismatch_pct"": 16.3, ""direction"": ""undercharge"", ""auth_txn_id"": ""TXN-00825"", ""capture_txn_id"": ""TXN-00826""}",2026-02-23T21:53:33,1.81
RIDE-00419,capture_mismatch,money_lost,4953.43,COP,CO,65,"Review ride RIDE-00419: under-collected. Actual fare: 30461.14 COP, captured: 25507.71 (16% diff). Investigate uncaptured amount of 4953.43 COP.","{""auth_amount"": 30875.21, ""capture_amount"": 25507.71, ""actual_fare"": 30461.14, ""estimated_fare"": 30875.21, ""mismatch_pct"": 16.3, ""direction"": ""undercharge"", ""auth_txn_id"": ""TXN-00920"", ""capture_txn_id"": ""TXN-00921""}",2026-02-23T21:53:33,1.22
RIDE-00201,capture_mismatch,money_lost,11237.01,COP,CO,65,"Review ride RIDE-00201: under-collected. Actual fare: 80838.49 COP, captured: 69601.48 (14% diff). Investigate uncaptured amount of 11237.01 COP.","{""auth_amount"": 85000.0, ""capture_amount"": 69601.48, ""actual_fare"": 80838.49, ""estimated_fare"": 85000.0, ""mismatch_pct"": 13.9, ""direction"": ""undercharge"", ""auth_txn_id"": ""TXN-00448"", ""capture_txn_id"": ""TXN-00449""}",2026-02-23T21:53:33,2.78
RIDE-00066,currency_discrepancy,money_at_risk,0.57,COP,CO,65,"Currency discrepancy on ride RIDE-00066: captured 59226.40 COP, reported as $15.35 USD but expected $14.78 USD (3.9% diff). Review processor FX rate configuration for COP transactions.","{""local_amount"": 59226.4, ""reported_usd"": 15.35, ""expected_usd"": 14.78, ""exchange_rate_used"": 3858.3974, ""expected_rate"": 4007.4983, ""discrepancy_pct"": 3.9, ""direction"": ""overstated"", ""tolerance_threshold"": ""3.0%"", ""capture_txn_id"": ""TXN-00149""}",2026-02-23T21:53:33,0.57
RIDE-00131,capture_mismatch,money_lost,16.54,BRL,BR,65,"Review ride RIDE-00131: under-collected. Actual fare: 93.01 BRL, captured: 76.47 (18% diff). Investigate uncaptured amount of 16.54 BRL.","{""auth_amount"": 93.43, ""capture_amount"": 76.47, ""actual_fare"": 93.01, ""estimated_fare"": 93.43, ""mismatch_pct"": 17.8, ""direction"": ""undercharge"", ""auth_txn_id"": ""TXN-00291"", ""capture_txn_id"": ""TXN-00292""}",2026-02-23T21:53:33,3.32
RIDE-00018,currency_discrepancy,money_at_risk,0.83,COP,CO,65,"Currency discrepancy on ride RIDE-00018: captured 60307.66 COP, reported as $15.73 USD but expected $14.90 USD (5.5% diff). Review processor FX rate configuration for COP transactions.","{""local_amount"": 60307.66, ""reported_usd"": 15.73, ""expected_usd"": 14.9, ""exchange_rate_used"": 3833.9263, ""expected_rate"": 4046.5716, ""discrepancy_pct"": 5.5, ""direction"": ""overstated"", ""tolerance_threshold"": ""3.0%"", ""capture_txn_id"": ""TXN-00041""}",2026-02-23T21:53:33,0.83
RIDE-00264,currency_discrepancy,money_at_risk,0.34,COP,CO,65,"Currency discrepancy on ride RIDE-00264: captured 26401.56 COP, reported as $6.81 USD but expected $6.47 USD (5.3% diff). Review processor FX rate configuration for COP transactions.","{""local_amount"": 26401.56, ""reported_usd"": 6.81, ""expected_usd"": 6.47, ""exchange_rate_used"": 3876.8811, ""expected_rate"": 4080.9686, ""discrepancy_pct"": 5.3, ""direction"": ""overstated"", ""tolerance_threshold"": ""3.0%"", ""capture_txn_id"": ""TXN-00587""}",2026-02-23T21:53:33,0.34
RIDE-00075,capture_mismatch,money_lost,6832.0,COP,CO,65,"Review ride RIDE-00075: under-collected. Actual fare: 41077.25 COP, captured: 34245.25 (17% diff). Investigate uncaptured amount of 6832.00 COP.","{""auth_amount"": 40914.85, ""capture_amount"": 34245.25, ""actual_fare"": 41077.25, ""estimated_fare"": 40914.85, ""mismatch_pct"": 16.6, ""direction"": ""undercharge"", ""auth_txn_id"": ""TXN-00167"", ""capture_txn_id"": ""TXN-00168""}",2026-02-23T21:53:33,1.69
RIDE-00476,currency_discrepancy,money_lost,0.47,COP,CO,65,"Currency discrepancy on ride RIDE-00476: captured 56986.54 COP, reported as $13.68 USD but expected $14.15 USD (3.3% diff). Review processor FX rate configuration for COP transactions.","{""local_amount"": 56986.54, ""reported_usd"": 13.68, ""expected_usd"": 14.15, ""exchange_rate_used"": 4165.6827, ""expected_rate"": 4028.3578, ""discrepancy_pct"": 3.3, ""direction"": ""understated"", ""tolerance_threshold"": ""3.0%"", ""capture_txn_id"": ""TXN-01049""}",2026-02-23T21:53:33,0.47
RIDE-00438,currency_discrepancy,money_at_risk,0.44,COP,CO,65,"Currency discrepancy on ride RIDE-00438: captured 42144.08 COP, reported as $10.74 USD but expected $10.30 USD (4.3% diff). Review processor FX rate configuration for COP transactions.","{""local_amount"": 42144.08, ""reported_usd"": 10.74, ""expected_usd"": 10.3, ""exchange_rate_used"": 3924.0298, ""expected_rate"": 4091.9069, ""discrepancy_pct"": 4.3, ""direction"": ""overstated"", ""tolerance_threshold"": ""3.0%"", ""capture_txn_id"": ""TXN-00961""}",2026-02-23T21:53:33,0.44
RIDE-00427,currency_discrepancy,money_lost,0.55,MXN,MX,65,"Currency discrepancy on ride RIDE-00427: captured 225.34 MXN, reported as $12.44 USD but expected $12.99 USD (4.2% diff). Review processor FX rate configuration for MXN transactions.","{""local_amount"": 225.34, ""reported_usd"": 12.44, ""expected_usd"": 12.99, ""exchange_rate_used"": 18.1141, ""expected_rate"": 17.3505, ""discrepancy_pct"": 4.2, ""direction"": ""understated"", ""tolerance_threshold"": ""2.0%"", ""capture_txn_id"": ""TXN-00939""}",2026-02-23T21:53:33,0.55
RIDE-00414,currency_discrepancy,money_at_risk,0.47,COP,CO,65,"Currency discrepancy on ride RIDE-00414: captured 32509.72 COP, reported as $8.44 USD but expected $7.97 USD (5.9% diff). Review processor FX rate configuration for COP transactions.","{""local_amount"": 32509.72, ""reported_usd"": 8.44, ""expected_usd"": 7.97, ""exchange_rate_used"": 3851.8626, ""expected_rate"": 4079.7087, ""discrepancy_pct"": 5.9, ""direction"": ""overstated"", ""tolerance_threshold"": ""3.0%"", ""capture_txn_id"": ""TXN-00911""}",2026-02-23T21:53:33,0.47
RIDE-00324,currency_discrepancy,money_at_risk,1.11,COP,CO,65,"Currency discrepancy on ride RIDE-00324: captured 83605.54 COP, reported as $22.09 USD but expected $20.98 USD (5.3% diff). Review processor FX rate configuration for COP transactions.","{""local_amount"": 83605.54, ""reported_usd"": 22.09, ""expected_usd"": 20.98, ""exchange_rate_used"": 3784.7687, ""expected_rate"": 3984.3027, ""discrepancy_pct"": 5.3, ""direction"": ""overstated"", ""tolerance_threshold"": ""3.0%"", ""capture_txn_id"": ""TXN-00717""}",2026-02-23T21:53:33,1.11
RIDE-00431,capture_mismatch,money_lost,12063.63,COP,CO,65,"Review ride RIDE-00431: under-collected. Actual fare: 71256.66 COP, captured: 59193.03 (17% diff). Investigate uncaptured amount of 12063.63 COP.","{""auth_amount"": 71563.31, ""capture_amount"": 59193.03, ""actual_fare"": 71256.66, ""estimated_fare"": 71563.31, ""mismatch_pct"": 16.9, ""direction"": ""undercharge"", ""auth_txn_id"": ""TXN-00946"", ""capture_txn_id"": ""TXN-00947""}",2026-02-23T21:53:33,2.98
RIDE-00133,currency_discrepancy,money_lost,0.39,BRL,BR,60,"Currency discrepancy on ride RIDE-00133: captured 54.40 BRL, reported as $10.70 USD but expected $11.09 USD (3.5% diff). Review processor FX rate configuration for BRL transactions.","{""local_amount"": 54.4, ""reported_usd"": 10.7, ""expected_usd"": 11.09, ""exchange_rate_used"": 5.0841, ""expected_rate"": 4.9067, ""discrepancy_pct"": 3.5, ""direction"": ""understated"", ""tolerance_threshold"": ""3.0%"", ""capture_txn_id"": ""TXN-00296""}",2026-02-23T21:53:33,0.39
RIDE-00190,currency_discrepancy,money_at_risk,0.53,BRL,BR,60,"Currency discrepancy on ride RIDE-00190: captured 71.84 BRL, reported as $15.11 USD but expected $14.58 USD (3.6% diff). Review processor FX rate configuration for BRL transactions.","{""local_amount"": 71.84, ""reported_usd"": 15.11, ""expected_usd"": 14.58, ""exchange_rate_used"": 4.7545, ""expected_rate"": 4.9267, ""discrepancy_pct"": 3.6, ""direction"": ""overstated"", ""tolerance_threshold"": ""3.0%"", ""capture_txn_id"": ""TXN-00424""}",2026-02-23T21:53:33,0.53
RIDE-00255,currency_discrepancy,money_lost,0.85,BRL,BR,60,"Currency discrepancy on ride RIDE-00255: captured 122.91 BRL, reported as $23.33 USD but expected $24.18 USD (3.5% diff). Review processor FX rate configuration for BRL transactions.","{""local_amount"": 122.91, ""reported_usd"": 23.33, ""expected_usd"": 24.18, ""exchange_rate_used"": 5.2683, ""expected_rate"": 5.084, ""discrepancy_pct"": 3.5, ""direction"": ""understated"", ""tolerance_threshold"": ""3.0%"", ""capture_txn_id"": ""TXN-00567""}",2026-02-23T21:53:33,0.85
