ride_id,rider_id,driver_id,timestamp,country,currency,estimated_fare,actual_fare,status
RIDE-00001,RIDER-0076,DRIVER-0016,2025-12-03T10:16:45,CO,COP,35323.39,33963.82,completed
RIDE-00002,RIDER-0043,DRIVER-0035,2026-02-10T12:06:08,MX,MXN,364.77,365.55,completed
RIDE-00003,RIDER-0035,DRIVER-0006,2026-01-10T23:08:56,MX,MXN,467.94,448.34,completed
RIDE-00004,RIDER-0066,DRIVER-0036,2026-01-19T01:33:47,MX,MXN,620.06,634.26,completed
RIDE-00005,RIDER-0047,DRIVER-0027,2026-02-02T02:20:25,MX,MXN,516.25,481.07,completed
RIDE-00006,RIDER-0072,DRIVER-0001,2026-01-27T05:05:18,MX,MXN,360.92,352.76,completed
RIDE-00007,RIDER-0015,DRIVER-0022,2025-12-16T12:01:59,BR,BRL,68.43,66.08,completed
RIDE-00008,RIDER-0012,DRIVER-0022,2025-12-21T21:43:02,MX,MXN,427.19,427.35,disputed
RIDE-00009,RIDER-0061,DRIVER-0023,2026-01-06T21:17:41,MX,MXN,262.15,244.04,completed
RIDE-00010,RIDER-0079,DRIVER-0030,2026-02-17T08:44:42,CO,COP,35557.22,33104.8,completed
RIDE-00011,RIDER-0037,DRIVER-0019,2026-01-06T18:02:56,CO,COP,50536.08,48952.04,completed
RIDE-00012,RIDER-0054,DRIVER-0024,2026-01-30T01:15:19,BR,BRL,67.03,68.44,cancelled
RIDE-00013,RIDER-0073,DRIVER-0015,2026-02-07T09:46:16,CO,COP,40444.83,39439.73,completed
RIDE-00014,RIDER-0045,DRIVER-0007,2025-12-08T17:55:43,BR,BRL,95.09,87.62,cancelled
RIDE-00015,RIDER-0015,DRIVER-0024,2026-01-14T00:31:21,MX,MXN,210.5,195.2,completed
RIDE-00016,RIDER-0056,DRIVER-0018,2026-01-04T11:50:26,MX,MXN,408.35,415.29,completed
RIDE-00017,RIDER-0037,DRIVER-0039,2026-02-05T08:46:53,CO,COP,29756.48,31097.97,completed
RIDE-00018,RIDER-0077,DRIVER-0011,2026-01-21T20:38:10,CO,COP,63544.12,60307.66,completed
RIDE-00019,RIDER-0079,DRIVER-0036,2025-12-27T05:01:26,CO,COP,36820.41,33932.96,disputed
RIDE-00020,RIDER-0054,DRIVER-0004,2026-01-01T11:38:00,MX,MXN,388.7,361.33,completed
RIDE-00021,RIDER-0051,DRIVER-0026,2025-12-04T02:47:56,MX,MXN,349.69,365.78,completed
RIDE-00022,RIDER-0060,DRIVER-0037,2025-12-21T11:37:32,MX,MXN,650.0,636.41,cancelled
RIDE-00023,RIDER-0072,DRIVER-0032,2025-12-31T13:15:09,BR,BRL,155.09,154.46,completed
RIDE-00024,RIDER-0022,DRIVER-0017,2026-02-01T09:57:12,MX,MXN,650.0,621.44,completed
RIDE-00025,RIDER-0036,DRIVER-0017,2026-02-11T07:57:00,MX,MXN,231.97,227.4,completed
RIDE-00026,RIDER-0079,DRIVER-0026,2026-01-11T14:19:23,CO,COP,30787.11,32223.99,cancelled
RIDE-00027,RIDER-0052,DRIVER-0006,2025-12-14T10:20:10,MX,MXN,374.64,378.67,completed
RIDE-00028,RIDER-0020,DRIVER-0011,2026-02-22T14:30:54,BR,BRL,154.4,155.79,completed
RIDE-00029,RIDER-0067,DRIVER-0025,2026-01-10T23:42:14,BR,BRL,71.94,74.7,completed
RIDE-00030,RIDER-0070,DRIVER-0036,2026-01-15T10:38:07,MX,MXN,179.58,186.99,completed
RIDE-00031,RIDER-0004,DRIVER-0008,2025-12-02T02:45:09,BR,BRL,180.0,166.66,completed
RIDE-00032,RIDER-0019,DRIVER-0022,2026-01-22T03:13:53,CO,COP,81156.76,85080.36,completed
RIDE-00033,RIDER-0037,DRIVER-0001,2026-01-12T05:04:35,MX,MXN,274.84,274.08,completed
RIDE-00034,RIDER-0030,DRIVER-0033,2026-02-08T20:58:39,BR,BRL,90.66,88.3,completed
RIDE-00035,RIDER-0070,DRIVER-0020,2026-01-19T06:59:02,BR,BRL,178.26,165.31,cancelled
RIDE-00036,RIDER-0076,DRIVER-0010,2026-01-19T06:56:24,BR,BRL,96.25,98.17,completed
RIDE-00037,RIDER-0029,DRIVER-0034,2025-12-16T16:26:11,MX,MXN,355.76,366.59,completed
RIDE-00038,RIDER-0058,DRIVER-0002,2026-01-28T03:38:31,BR,BRL,56.29,58.77,completed
RIDE-00039,RIDER-0061,DRIVER-0020,2026-01-05T05:48:23,MX,MXN,323.62,307.35,cancelled
RIDE-00040,RIDER-0061,DRIVER-0006,2025-12-24T09:16:17,MX,MXN,161.37,150.84,cancelled
RIDE-00041,RIDER-0064,DRIVER-0035,2026-01-17T04:26:23,MX,MXN,650.0,641.97,completed
RIDE-00042,RIDER-0054,DRIVER-0036,2025-12-13T11:10:25,BR,BRL,173.12,171.69,completed
RIDE-00043,RIDER-0038,DRIVER-0028,2026-01-21T05:34:08,MX,MXN,359.43,371.64,cancelled
RIDE-00044,RIDER-0025,DRIVER-0013,2026-01-22T08:39:03,BR,BRL,132.56,134.09,completed
RIDE-00045,RIDER-0002,DRIVER-0024,2026-01-08T17:43:09,CO,COP,85000.0,79706.9,disputed
RIDE-00046,RIDER-0041,DRIVER-0016,2026-01-20T06:02:20,CO,COP,76391.75,74175.76,completed
RIDE-00047,RIDER-0035,DRIVER-0036,2026-01-02T19:47:47,MX,MXN,144.23,149.64,completed
RIDE-00048,RIDER-0059,DRIVER-0004,2025-12-22T09:08:37,MX,MXN,650.0,631.51,completed
RIDE-00049,RIDER-0076,DRIVER-0005,2025-12-04T01:11:50,MX,MXN,360.62,372.2,cancelled
RIDE-00050,RIDER-0079,DRIVER-0014,2025-12-28T00:53:56,CO,COP,19201.17,18811.15,completed
RIDE-00051,RIDER-0035,DRIVER-0037,2026-02-09T05:32:01,CO,COP,43767.37,43068.86,cancelled
RIDE-00052,RIDER-0016,DRIVER-0027,2025-12-24T14:13:28,CO,COP,23439.62,21795.62,completed
RIDE-00053,RIDER-0019,DRIVER-0023,2025-12-10T09:51:54,MX,MXN,485.7,454.93,completed
RIDE-00054,RIDER-0035,DRIVER-0004,2026-01-15T08:14:46,CO,COP,54052.81,51006.63,cancelled
RIDE-00055,RIDER-0046,DRIVER-0026,2026-02-01T17:42:28,CO,COP,28126.79,29155.74,completed
RIDE-00056,RIDER-0006,DRIVER-0016,2026-02-16T17:30:56,CO,COP,27489.37,25977.39,cancelled
RIDE-00057,RIDER-0030,DRIVER-0028,2026-01-22T01:38:10,MX,MXN,447.1,421.15,completed
RIDE-00058,RIDER-0037,DRIVER-0005,2026-01-14T22:00:05,MX,MXN,329.39,311.87,completed
RIDE-00059,RIDER-0061,DRIVER-0007,2026-02-22T15:05:19,CO,COP,26817.14,26426.8,cancelled
RIDE-00060,RIDER-0074,DRIVER-0006,2026-01-22T11:39:40,MX,MXN,244.91,253.13,completed
RIDE-00061,RIDER-0030,DRIVER-0027,2026-02-21T09:36:15,BR,BRL,106.84,99.14,completed
RIDE-00062,RIDER-0025,DRIVER-0004,2025-12-21T18:04:02,CO,COP,61175.44,57748.86,cancelled
RIDE-00063,RIDER-0047,DRIVER-0017,2025-12-01T05:01:20,MX,MXN,507.51,491.35,disputed
RIDE-00064,RIDER-0061,DRIVER-0028,2026-02-15T05:29:02,BR,BRL,45.0,44.11,completed
RIDE-00065,RIDER-0029,DRIVER-0036,2026-02-09T22:12:02,CO,COP,85000.0,78605.35,disputed
RIDE-00066,RIDER-0052,DRIVER-0019,2026-01-17T06:01:35,CO,COP,60035.8,59226.4,completed
RIDE-00067,RIDER-0042,DRIVER-0035,2025-12-06T16:16:33,MX,MXN,406.01,379.19,completed
RIDE-00068,RIDER-0037,DRIVER-0038,2025-12-31T10:45:07,MX,MXN,155.64,148.64,completed
RIDE-00069,RIDER-0035,DRIVER-0004,2026-02-21T18:58:52,CO,COP,49818.89,45963.37,completed
RIDE-00070,RIDER-0072,DRIVER-0005,2025-12-08T18:40:23,BR,BRL,69.48,65.0,cancelled
RIDE-00071,RIDER-0061,DRIVER-0026,2026-02-04T13:21:33,CO,COP,26203.38,26129.15,cancelled
RIDE-00072,RIDER-0052,DRIVER-0039,2026-01-25T07:26:23,MX,MXN,346.12,322.34,completed
RIDE-00073,RIDER-0061,DRIVER-0038,2025-12-08T23:02:06,MX,MXN,650.0,647.59,completed
RIDE-00074,RIDER-0037,DRIVER-0014,2025-12-31T17:11:42,CO,COP,26790.29,25635.38,cancelled
RIDE-00075,RIDER-0055,DRIVER-0026,2025-12-31T12:06:05,CO,COP,40914.85,41077.25,completed
RIDE-00076,RIDER-0019,DRIVER-0021,2026-02-01T16:07:33,MX,MXN,172.69,161.16,completed
RIDE-00077,RIDER-0020,DRIVER-0040,2025-12-08T01:02:15,BR,BRL,127.21,121.1,completed
RIDE-00078,RIDER-0072,DRIVER-0014,2025-12-10T16:58:23,BR,BRL,71.39,67.29,completed
RIDE-00079,RIDER-0051,DRIVER-0005,2025-12-13T20:38:46,CO,COP,29214.56,27182.11,cancelled
RIDE-00080,RIDER-0037,DRIVER-0029,2026-01-05T21:03:37,BR,BRL,109.9,102.71,completed
RIDE-00081,RIDER-0070,DRIVER-0034,2026-02-07T07:22:00,BR,BRL,93.62,97.93,completed
RIDE-00082,RIDER-0061,DRIVER-0007,2026-02-18T07:59:26,MX,MXN,260.44,245.39,completed
RIDE-00083,RIDER-0054,DRIVER-0007,2025-12-14T00:55:15,BR,BRL,140.06,145.78,completed
RIDE-00084,RIDER-0022,DRIVER-0039,2025-12-16T02:13:11,CO,COP,19530.16,19921.43,completed
RIDE-00085,RIDER-0038,DRIVER-0017,2026-01-03T06:58:08,MX,MXN,455.98,438.69,completed
RIDE-00086,RIDER-0059,DRIVER-0004,2025-12-25T09:09:17,CO,COP,19943.26,18645.53,cancelled
RIDE-00087,RIDER-0055,DRIVER-0003,2026-01-11T03:00:11,MX,MXN,355.96,340.84,completed
RIDE-00088,RIDER-0007,DRIVER-0017,2026-02-13T20:50:16,MX,MXN,336.21,332.59,completed
RIDE-00089,RIDER-0017,DRIVER-0028,2026-01-12T21:33:04,MX,MXN,189.66,182.79,completed
RIDE-00090,RIDER-0061,DRIVER-0010,2025-12-11T20:41:06,CO,COP,74426.26,70935.91,completed
RIDE-00091,RIDER-0056,DRIVER-0036,2026-02-20T00:44:50,CO,COP,33724.23,34359.24,completed
RIDE-00092,RIDER-0075,DRIVER-0024,2025-12-13T08:58:10,MX,MXN,100.98,97.48,completed
RIDE-00093,RIDER-0078,DRIVER-0003,2026-02-16T07:05:57,BR,BRL,64.45,66.25,disputed
RIDE-00094,RIDER-0022,DRIVER-0007,2025-12-21T09:30:49,BR,BRL,115.58,120.43,completed
RIDE-00095,RIDER-0061,DRIVER-0027,2026-01-24T08:37:23,MX,MXN,256.92,238.59,cancelled
RIDE-00096,RIDER-0066,DRIVER-0016,2026-02-11T18:24:33,BR,BRL,172.13,161.49,completed
RIDE-00097,RIDER-0020,DRIVER-0027,2026-02-16T15:52:18,BR,BRL,109.02,103.16,completed
RIDE-00098,RIDER-0051,DRIVER-0027,2026-02-10T12:19:10,MX,MXN,423.26,426.0,cancelled
RIDE-00099,RIDER-0071,DRIVER-0016,2026-02-22T21:24:54,BR,BRL,77.78,75.19,completed
RIDE-00100,RIDER-0037,DRIVER-0025,2026-02-15T10:42:56,MX,MXN,633.57,619.05,completed
RIDE-00101,RIDER-0033,DRIVER-0013,2026-02-22T08:40:02,BR,BRL,78.28,76.73,completed
RIDE-00102,RIDER-0072,DRIVER-0015,2026-01-14T16:35:03,BR,BRL,96.89,92.06,completed
RIDE-00103,RIDER-0053,DRIVER-0022,2026-02-03T01:59:19,MX,MXN,650.0,630.44,completed
RIDE-00104,RIDER-0076,DRIVER-0018,2025-12-07T17:45:43,MX,MXN,390.95,365.62,disputed
RIDE-00105,RIDER-0035,DRIVER-0035,2026-01-19T11:00:04,MX,MXN,510.91,511.73,completed
RIDE-00106,RIDER-0052,DRIVER-0017,2025-12-03T16:18:50,MX,MXN,411.58,411.83,completed
RIDE-00107,RIDER-0065,DRIVER-0039,2025-12-26T18:34:53,MX,MXN,282.34,292.56,completed
RIDE-00108,RIDER-0061,DRIVER-0028,2026-02-09T17:37:58,CO,COP,35765.44,34059.56,completed
RIDE-00109,RIDER-0054,DRIVER-0037,2026-01-19T15:42:07,CO,COP,29421.93,27196.43,completed
RIDE-00110,RIDER-0067,DRIVER-0001,2025-12-05T07:25:41,MX,MXN,441.53,425.84,completed
RIDE-00111,RIDER-0069,DRIVER-0013,2026-02-17T07:18:23,CO,COP,53169.96,49681.06,completed
RIDE-00112,RIDER-0019,DRIVER-0022,2025-12-07T19:03:02,MX,MXN,303.64,310.82,cancelled
RIDE-00113,RIDER-0061,DRIVER-0020,2026-02-03T09:48:17,CO,COP,27585.23,26200.53,completed
RIDE-00114,RIDER-0053,DRIVER-0026,2026-02-03T17:58:23,CO,COP,69509.64,70219.56,completed
RIDE-00115,RIDER-0035,DRIVER-0027,2026-01-23T19:52:28,CO,COP,85000.0,80982.38,completed
RIDE-00116,RIDER-0076,DRIVER-0012,2026-01-06T19:28:21,CO,COP,18491.34,18122.64,completed
RIDE-00117,RIDER-0056,DRIVER-0001,2025-12-30T05:15:50,CO,COP,85000.0,79894.53,completed
RIDE-00118,RIDER-0070,DRIVER-0038,2025-12-21T09:45:40,MX,MXN,650.0,599.53,completed
RIDE-00119,RIDER-0054,DRIVER-0029,2026-01-01T06:53:42,CO,COP,48003.46,49980.02,completed
RIDE-00120,RIDER-0019,DRIVER-0011,2026-01-19T15:07:18,CO,COP,57235.09,57918.54,completed
RIDE-00121,RIDER-0058,DRIVER-0040,2025-12-28T13:16:12,CO,COP,50330.16,50074.36,completed
RIDE-00122,RIDER-0074,DRIVER-0016,2026-02-18T11:03:53,MX,MXN,650.0,676.95,disputed
RIDE-00123,RIDER-0014,DRIVER-0010,2025-12-22T19:27:02,CO,COP,34850.05,34104.58,completed
RIDE-00124,RIDER-0037,DRIVER-0040,2025-12-24T18:31:28,MX,MXN,357.32,356.2,disputed
RIDE-00125,RIDER-0035,DRIVER-0037,2025-12-08T01:42:07,BR,BRL,165.91,153.82,completed
RIDE-00126,RIDER-0074,DRIVER-0026,2026-02-06T14:37:22,MX,MXN,209.5,207.38,completed
RIDE-00127,RIDER-0035,DRIVER-0007,2026-02-02T16:43:33,MX,MXN,151.92,146.61,completed
RIDE-00128,RIDER-0043,DRIVER-0034,2025-12-22T05:56:12,BR,BRL,81.16,77.04,completed
RIDE-00129,RIDER-0022,DRIVER-0008,2026-01-24T02:50:58,CO,COP,85000.0,79756.47,completed
RIDE-00130,RIDER-0037,DRIVER-0034,2026-02-16T19:26:09,CO,COP,11683.99,12138.85,completed
RIDE-00131,RIDER-0060,DRIVER-0029,2026-01-27T19:30:16,BR,BRL,93.43,93.01,completed
RIDE-00132,RIDER-0080,DRIVER-0028,2026-02-08T20:01:47,CO,COP,39339.07,36628.43,cancelled
RIDE-00133,RIDER-0056,DRIVER-0011,2026-01-23T04:38:03,BR,BRL,55.21,54.4,completed
RIDE-00134,RIDER-0072,DRIVER-0016,2026-01-16T02:04:17,CO,COP,45314.5,42925.87,completed
RIDE-00135,RIDER-0022,DRIVER-0034,2025-12-27T22:10:56,BR,BRL,94.85,89.79,completed
RIDE-00136,RIDER-0008,DRIVER-0005,2025-12-24T05:28:59,CO,COP,44269.05,43978.17,completed
RIDE-00137,RIDER-0043,DRIVER-0021,2025-12-23T18:24:34,CO,COP,34293.3,35007.24,completed
RIDE-00138,RIDER-0054,DRIVER-0015,2025-12-08T19:45:34,BR,BRL,25.5,24.79,completed
RIDE-00139,RIDER-0022,DRIVER-0005,2025-12-15T20:03:43,MX,MXN,599.75,563.87,completed
RIDE-00140,RIDER-0038,DRIVER-0027,2026-01-02T03:00:34,CO,COP,22262.57,22345.39,completed
RIDE-00141,RIDER-0020,DRIVER-0038,2026-02-19T20:46:37,MX,MXN,235.53,217.46,completed
RIDE-00142,RIDER-0026,DRIVER-0037,2025-12-02T21:30:45,BR,BRL,153.27,141.55,cancelled
RIDE-00143,RIDER-0061,DRIVER-0020,2025-12-01T13:44:19,MX,MXN,650.0,617.53,cancelled
RIDE-00144,RIDER-0029,DRIVER-0027,2026-02-21T20:40:40,BR,BRL,73.85,74.21,cancelled
RIDE-00145,RIDER-0029,DRIVER-0039,2026-02-10T07:49:17,CO,COP,57474.98,53619.98,completed
RIDE-00146,RIDER-0037,DRIVER-0028,2026-01-17T09:39:25,BR,BRL,136.98,140.81,completed
RIDE-00147,RIDER-0024,DRIVER-0026,2026-01-07T18:06:10,CO,COP,56193.11,56578.09,completed
RIDE-00148,RIDER-0011,DRIVER-0009,2026-02-20T14:31:12,CO,COP,60534.48,55794.04,completed
RIDE-00149,RIDER-0004,DRIVER-0026,2026-01-21T20:35:53,BR,BRL,82.23,77.87,completed
RIDE-00150,RIDER-0072,DRIVER-0028,2026-02-03T08:54:05,CO,COP,52970.17,51634.54,completed
RIDE-00151,RIDER-0035,DRIVER-0017,2026-01-14T19:50:07,MX,MXN,185.9,190.78,completed
RIDE-00152,RIDER-0029,DRIVER-0022,2025-12-21T13:12:15,MX,MXN,244.35,243.55,completed
RIDE-00153,RIDER-0038,DRIVER-0027,2026-01-06T19:25:41,BR,BRL,47.47,47.52,completed
RIDE-00154,RIDER-0076,DRIVER-0035,2025-12-08T22:51:19,MX,MXN,122.71,117.59,completed
RIDE-00155,RIDER-0017,DRIVER-0005,2026-01-03T23:28:00,MX,MXN,650.0,662.52,completed
RIDE-00156,RIDER-0066,DRIVER-0002,2026-02-02T06:41:54,BR,BRL,94.21,97.63,completed
RIDE-00157,RIDER-0003,DRIVER-0040,2025-12-20T08:32:38,BR,BRL,166.67,162.55,completed
RIDE-00158,RIDER-0029,DRIVER-0008,2025-12-13T06:06:58,MX,MXN,405.32,406.27,completed
RIDE-00159,RIDER-0067,DRIVER-0017,2025-12-22T03:53:39,CO,COP,19136.13,17951.92,completed
RIDE-00160,RIDER-0030,DRIVER-0008,2025-12-17T06:58:37,BR,BRL,96.89,91.3,completed
RIDE-00161,RIDER-0074,DRIVER-0007,2025-12-16T21:36:07,BR,BRL,114.22,105.36,disputed
RIDE-00162,RIDER-0054,DRIVER-0025,2025-12-31T06:54:47,CO,COP,49629.49,47427.29,completed
RIDE-00163,RIDER-0067,DRIVER-0038,2026-02-08T10:06:18,MX,MXN,213.06,214.06,completed
RIDE-00164,RIDER-0061,DRIVER-0020,2026-01-30T21:34:50,CO,COP,51145.65,51046.8,completed
RIDE-00165,RIDER-0074,DRIVER-0037,2026-01-28T07:03:37,BR,BRL,156.91,147.93,completed
RIDE-00166,RIDER-0007,DRIVER-0024,2026-01-03T17:02:36,BR,BRL,38.24,37.76,completed
RIDE-00167,RIDER-0061,DRIVER-0027,2026-02-01T20:53:06,MX,MXN,183.27,172.57,completed
RIDE-00168,RIDER-0037,DRIVER-0024,2025-12-11T05:55:24,BR,BRL,105.4,100.33,completed
RIDE-00169,RIDER-0036,DRIVER-0010,2026-02-19T11:01:40,CO,COP,30844.89,29534.91,completed
RIDE-00170,RIDER-0046,DRIVER-0018,2026-02-10T05:52:01,CO,COP,27625.13,27449.23,completed
RIDE-00171,RIDER-0076,DRIVER-0030,2026-01-22T06:02:01,CO,COP,76209.29,76687.67,completed
RIDE-00172,RIDER-0029,DRIVER-0021,2026-02-09T23:24:52,CO,COP,29296.96,27071.97,completed
RIDE-00173,RIDER-0007,DRIVER-0018,2026-02-19T15:44:36,BR,BRL,136.25,135.89,cancelled
RIDE-00174,RIDER-0064,DRIVER-0037,2025-12-24T16:14:34,BR,BRL,180.0,173.42,completed
RIDE-00175,RIDER-0009,DRIVER-0032,2026-01-06T19:06:32,CO,COP,42889.74,40052.92,completed
RIDE-00176,RIDER-0040,DRIVER-0023,2025-12-18T15:43:03,BR,BRL,94.34,95.24,completed
RIDE-00177,RIDER-0066,DRIVER-0039,2026-01-03T01:02:49,BR,BRL,180.0,171.37,completed
RIDE-00178,RIDER-0056,DRIVER-0034,2025-12-27T19:45:08,CO,COP,61735.95,58981.22,completed
RIDE-00179,RIDER-0011,DRIVER-0027,2025-12-09T07:29:33,BR,BRL,156.12,150.96,completed
RIDE-00180,RIDER-0053,DRIVER-0031,2026-02-12T14:39:06,CO,COP,43356.03,40931.01,completed
RIDE-00181,RIDER-0061,DRIVER-0002,2026-01-17T15:41:47,CO,COP,61374.75,63429.76,completed
RIDE-00182,RIDER-0069,DRIVER-0016,2025-12-22T12:21:25,MX,MXN,459.74,464.34,completed
RIDE-00183,RIDER-0047,DRIVER-0036,2026-01-26T11:07:21,MX,MXN,596.55,568.19,completed
RIDE-00184,RIDER-0054,DRIVER-0036,2026-01-11T07:29:44,CO,COP,55783.14,52629.99,disputed
RIDE-00185,RIDER-0005,DRIVER-0020,2026-02-07T05:46:14,MX,MXN,385.53,400.57,completed
RIDE-00186,RIDER-0079,DRIVER-0021,2025-12-12T17:08:54,MX,MXN,202.4,210.53,completed
RIDE-00187,RIDER-0046,DRIVER-0012,2026-01-22T00:39:12,MX,MXN,588.36,613.52,disputed
RIDE-00188,RIDER-0067,DRIVER-0038,2026-02-10T17:04:24,MX,MXN,352.46,338.88,completed
RIDE-00189,RIDER-0056,DRIVER-0007,2026-01-20T22:29:33,BR,BRL,97.44,90.11,completed
RIDE-00190,RIDER-0061,DRIVER-0012,2025-12-29T18:18:15,BR,BRL,77.25,71.84,completed
RIDE-00191,RIDER-0061,DRIVER-0018,2026-02-07T17:48:09,MX,MXN,297.73,287.07,completed
RIDE-00192,RIDER-0066,DRIVER-0009,2025-12-06T07:03:17,MX,MXN,316.5,313.38,completed
RIDE-00193,RIDER-0060,DRIVER-0001,2026-02-12T02:07:58,CO,COP,36118.2,34725.4,completed
RIDE-00194,RIDER-0003,DRIVER-0022,2026-01-15T13:46:26,CO,COP,51428.25,48871.48,completed
RIDE-00195,RIDER-0003,DRIVER-0031,2025-12-05T23:42:59,MX,MXN,542.17,560.12,completed
RIDE-00196,RIDER-0066,DRIVER-0005,2025-12-07T08:15:40,MX,MXN,362.1,377.34,completed
RIDE-00197,RIDER-0036,DRIVER-0010,2026-02-05T15:32:48,CO,COP,76661.73,80474.23,completed
RIDE-00198,RIDER-0060,DRIVER-0016,2025-12-30T11:59:17,BR,BRL,74.12,72.81,completed
RIDE-00199,RIDER-0079,DRIVER-0039,2026-02-13T05:16:56,MX,MXN,650.0,671.83,completed
RIDE-00200,RIDER-0061,DRIVER-0025,2025-12-22T21:53:20,BR,BRL,76.83,74.89,completed
RIDE-00201,RIDER-0014,DRIVER-0038,2026-01-12T23:36:52,CO,COP,85000.0,80838.49,completed
RIDE-00202,RIDER-0028,DRIVER-0004,2025-12-30T15:35:15,BR,BRL,49.01,46.98,completed
RIDE-00203,RIDER-0002,DRIVER-0014,2026-02-10T20:31:59,CO,COP,28426.92,26308.32,completed
RIDE-00204,RIDER-0061,DRIVER-0011,2025-12-26T16:40:12,CO,COP,44226.32,42897.87,completed
RIDE-00205,RIDER-0076,DRIVER-0001,2026-01-23T14:14:06,MX,MXN,390.67,370.5,completed
RIDE-00206,RIDER-0045,DRIVER-0019,2026-02-05T22:21:04,CO,COP,73613.15,76764.91,completed
RIDE-00207,RIDER-0021,DRIVER-0030,2025-12-28T23:19:58,MX,MXN,312.24,312.16,completed
RIDE-00208,RIDER-0049,DRIVER-0038,2025-12-23T15:55:00,MX,MXN,377.66,377.28,cancelled
RIDE-00209,RIDER-0022,DRIVER-0035,2025-12-20T04:57:07,CO,COP,57563.47,54684.55,completed
RIDE-00210,RIDER-0036,DRIVER-0010,2025-12-15T11:10:13,MX,MXN,254.47,259.9,cancelled
RIDE-00211,RIDER-0078,DRIVER-0039,2025-12-17T02:37:41,MX,MXN,263.23,244.15,completed
RIDE-00212,RIDER-0019,DRIVER-0029,2026-01-25T06:20:54,CO,COP,85000.0,85891.03,cancelled
RIDE-00213,RIDER-0027,DRIVER-0026,2026-02-05T20:44:09,MX,MXN,261.23,268.04,completed
RIDE-00214,RIDER-0055,DRIVER-0029,2026-01-18T14:11:04,BR,BRL,106.25,105.94,completed
RIDE-00215,RIDER-0071,DRIVER-0021,2025-12-04T20:52:56,MX,MXN,162.86,151.77,cancelled
RIDE-00216,RIDER-0076,DRIVER-0037,2025-12-03T12:16:10,CO,COP,33124.33,34301.48,completed
RIDE-00217,RIDER-0066,DRIVER-0018,2025-12-03T00:20:25,CO,COP,37070.14,38259.22,disputed
RIDE-00218,RIDER-0038,DRIVER-0031,2026-02-13T02:10:22,CO,COP,62548.02,58251.49,completed
RIDE-00219,RIDER-0029,DRIVER-0012,2026-01-12T22:28:09,CO,COP,85000.0,82318.21,cancelled
RIDE-00220,RIDER-0026,DRIVER-0032,2026-01-12T07:41:08,BR,BRL,94.42,87.86,completed
RIDE-00221,RIDER-0009,DRIVER-0022,2026-01-15T15:12:12,BR,BRL,180.0,181.59,completed
RIDE-00222,RIDER-0056,DRIVER-0022,2025-12-11T03:44:07,MX,MXN,344.66,338.62,cancelled
RIDE-00223,RIDER-0035,DRIVER-0026,2026-01-18T02:31:35,CO,COP,81520.88,83738.94,completed
RIDE-00224,RIDER-0072,DRIVER-0006,2026-01-23T09:49:04,BR,BRL,135.0,128.89,completed
RIDE-00225,RIDER-0061,DRIVER-0026,2026-01-01T09:16:57,MX,MXN,650.0,665.38,completed
RIDE-00226,RIDER-0061,DRIVER-0035,2026-02-19T02:13:10,BR,BRL,144.69,146.23,disputed
RIDE-00227,RIDER-0061,DRIVER-0024,2025-12-06T06:18:16,CO,COP,57991.68,58016.01,completed
RIDE-00228,RIDER-0061,DRIVER-0004,2026-01-18T09:34:23,CO,COP,41392.65,39884.53,completed
RIDE-00229,RIDER-0066,DRIVER-0019,2026-01-23T07:46:28,MX,MXN,373.95,351.85,completed
RIDE-00230,RIDER-0031,DRIVER-0002,2026-02-06T19:02:25,CO,COP,45651.43,42037.21,completed
RIDE-00231,RIDER-0079,DRIVER-0011,2026-01-29T02:46:25,BR,BRL,180.0,180.04,completed
RIDE-00232,RIDER-0053,DRIVER-0006,2025-12-02T07:51:49,MX,MXN,176.06,176.49,completed
RIDE-00233,RIDER-0013,DRIVER-0030,2026-02-20T16:37:02,MX,MXN,504.66,515.45,cancelled
RIDE-00234,RIDER-0035,DRIVER-0032,2026-02-01T21:16:22,BR,BRL,108.75,113.66,completed
RIDE-00235,RIDER-0075,DRIVER-0018,2025-12-29T08:05:12,BR,BRL,180.0,180.4,completed
RIDE-00236,RIDER-0061,DRIVER-0016,2026-01-16T20:18:19,CO,COP,35997.36,34525.98,disputed
RIDE-00237,RIDER-0055,DRIVER-0039,2025-12-15T01:02:24,CO,COP,49585.95,46053.23,completed
RIDE-00238,RIDER-0070,DRIVER-0018,2025-12-14T06:05:14,CO,COP,81792.52,75735.49,cancelled
RIDE-00239,RIDER-0078,DRIVER-0033,2026-02-21T22:55:30,BR,BRL,44.82,46.91,completed
RIDE-00240,RIDER-0003,DRIVER-0020,2025-12-01T05:58:38,MX,MXN,262.78,267.66,completed
RIDE-00241,RIDER-0035,DRIVER-0032,2026-01-26T07:19:09,BR,BRL,115.93,106.99,disputed
RIDE-00242,RIDER-0042,DRIVER-0023,2026-01-13T08:31:51,BR,BRL,180.0,181.59,completed
RIDE-00243,RIDER-0080,DRIVER-0030,2026-02-13T01:37:19,MX,MXN,336.26,321.32,completed
RIDE-00244,RIDER-0066,DRIVER-0016,2025-12-19T07:35:30,BR,BRL,46.54,43.81,disputed
RIDE-00245,RIDER-0026,DRIVER-0027,2025-12-23T16:14:23,CO,COP,14988.14,15140.7,cancelled
RIDE-00246,RIDER-0030,DRIVER-0025,2026-02-11T07:17:19,MX,MXN,392.55,394.55,completed
RIDE-00247,RIDER-0019,DRIVER-0010,2026-02-03T10:30:25,MX,MXN,262.1,273.53,completed
RIDE-00248,RIDER-0060,DRIVER-0038,2025-12-04T14:15:43,CO,COP,62287.64,60703.33,completed
RIDE-00249,RIDER-0030,DRIVER-0029,2025-12-10T17:51:59,MX,MXN,330.69,321.33,cancelled
RIDE-00250,RIDER-0028,DRIVER-0010,2026-01-14T08:43:10,MX,MXN,339.67,351.98,completed
RIDE-00251,RIDER-0005,DRIVER-0005,2026-02-02T13:45:03,CO,COP,50822.15,48164.34,disputed
RIDE-00252,RIDER-0046,DRIVER-0026,2025-12-26T17:32:52,CO,COP,24068.23,24847.24,completed
RIDE-00253,RIDER-0022,DRIVER-0035,2026-02-21T16:45:25,CO,COP,85000.0,88898.54,completed
RIDE-00254,RIDER-0068,DRIVER-0032,2025-12-31T17:52:26,MX,MXN,412.46,420.8,completed
RIDE-00255,RIDER-0060,DRIVER-0016,2025-12-04T11:39:03,BR,BRL,120.63,122.91,completed
RIDE-00256,RIDER-0047,DRIVER-0006,2025-12-28T21:38:29,CO,COP,49646.26,50815.42,disputed
RIDE-00257,RIDER-0016,DRIVER-0007,2025-12-10T13:23:20,CO,COP,64146.17,59992.71,completed
RIDE-00258,RIDER-0047,DRIVER-0002,2026-02-06T09:08:23,CO,COP,32087.49,30356.95,completed
RIDE-00259,RIDER-0055,DRIVER-0023,2026-02-16T07:08:55,MX,MXN,650.0,603.43,completed
RIDE-00260,RIDER-0044,DRIVER-0027,2025-12-15T03:12:07,MX,MXN,529.05,508.07,completed
RIDE-00261,RIDER-0009,DRIVER-0012,2026-02-15T22:42:15,CO,COP,32471.1,29922.47,completed
RIDE-00262,RIDER-0032,DRIVER-0016,2026-01-07T03:23:34,MX,MXN,277.16,276.61,completed
RIDE-00263,RIDER-0070,DRIVER-0030,2026-01-26T14:51:16,CO,COP,13392.87,13531.45,completed
RIDE-00264,RIDER-0079,DRIVER-0001,2026-01-14T14:52:36,CO,COP,27748.3,26401.56,completed
RIDE-00265,RIDER-0048,DRIVER-0035,2026-01-15T04:07:07,BR,BRL,93.74,87.98,cancelled
RIDE-00266,RIDER-0002,DRIVER-0038,2026-01-12T21:18:17,MX,MXN,650.0,645.29,cancelled
RIDE-00267,RIDER-0050,DRIVER-0030,2026-01-11T04:42:41,MX,MXN,538.85,518.61,completed
RIDE-00268,RIDER-0009,DRIVER-0031,2025-12-20T08:12:33,BR,BRL,84.84,78.42,disputed
RIDE-00269,RIDER-0017,DRIVER-0037,2026-01-07T00:38:35,MX,MXN,247.09,240.07,completed
RIDE-00270,RIDER-0023,DRIVER-0026,2026-02-06T21:26:18,MX,MXN,650.0,665.65,completed
RIDE-00271,RIDER-0013,DRIVER-0004,2026-01-24T22:42:36,MX,MXN,478.75,450.87,cancelled
RIDE-00272,RIDER-0076,DRIVER-0019,2026-02-11T08:22:37,BR,BRL,180.0,166.34,completed
RIDE-00273,RIDER-0053,DRIVER-0023,2025-12-23T08:12:52,BR,BRL,152.42,141.26,completed
RIDE-00274,RIDER-0066,DRIVER-0009,2025-12-19T11:02:22,MX,MXN,492.69,499.01,completed
RIDE-00275,RIDER-0066,DRIVER-0020,2026-01-30T22:05:00,CO,COP,54784.38,52819.18,completed
RIDE-00276,RIDER-0061,DRIVER-0009,2025-12-04T05:44:41,BR,BRL,180.0,176.18,completed
RIDE-00277,RIDER-0061,DRIVER-0027,2025-12-29T15:39:25,MX,MXN,383.59,379.15,completed
RIDE-00278,RIDER-0026,DRIVER-0024,2025-12-13T19:57:16,MX,MXN,250.9,259.26,completed
RIDE-00279,RIDER-0035,DRIVER-0017,2025-12-27T11:02:05,CO,COP,35329.54,36985.17,completed
RIDE-00280,RIDER-0048,DRIVER-0019,2026-01-16T18:47:12,BR,BRL,124.68,125.38,disputed
RIDE-00281,RIDER-0061,DRIVER-0030,2026-01-02T21:15:49,CO,COP,33778.09,33514.53,completed
RIDE-00282,RIDER-0061,DRIVER-0015,2025-12-14T15:59:15,BR,BRL,97.84,92.55,completed
RIDE-00283,RIDER-0004,DRIVER-0026,2026-02-09T07:32:50,BR,BRL,101.94,94.74,completed
RIDE-00284,RIDER-0061,DRIVER-0006,2026-02-17T02:49:30,BR,BRL,84.41,87.19,completed
RIDE-00285,RIDER-0038,DRIVER-0008,2025-12-02T08:25:58,BR,BRL,41.68,42.37,completed
RIDE-00286,RIDER-0006,DRIVER-0017,2026-02-04T07:48:13,CO,COP,24380.4,25560.28,completed
RIDE-00287,RIDER-0055,DRIVER-0024,2026-02-18T20:22:16,CO,COP,21638.52,22346.4,completed
RIDE-00288,RIDER-0071,DRIVER-0040,2025-12-23T16:50:40,MX,MXN,650.0,639.12,completed
RIDE-00289,RIDER-0038,DRIVER-0040,2026-01-24T12:10:26,BR,BRL,76.32,79.15,completed
RIDE-00290,RIDER-0025,DRIVER-0030,2025-12-07T03:18:22,MX,MXN,481.51,500.1,completed
RIDE-00291,RIDER-0060,DRIVER-0008,2025-12-30T08:09:14,BR,BRL,43.65,43.69,completed
RIDE-00292,RIDER-0073,DRIVER-0032,2025-12-04T14:42:37,MX,MXN,254.16,257.48,completed
RIDE-00293,RIDER-0028,DRIVER-0009,2025-12-23T19:07:25,MX,MXN,423.55,399.56,cancelled
RIDE-00294,RIDER-0070,DRIVER-0035,2026-01-06T00:31:10,MX,MXN,343.09,326.67,completed
RIDE-00295,RIDER-0049,DRIVER-0027,2026-02-11T01:36:43,CO,COP,80884.89,79096.5,completed
RIDE-00296,RIDER-0037,DRIVER-0027,2026-02-19T22:38:44,CO,COP,79921.53,75226.79,completed
RIDE-00297,RIDER-0029,DRIVER-0024,2025-12-28T03:50:30,BR,BRL,40.23,42.08,completed
RIDE-00298,RIDER-0016,DRIVER-0024,2026-01-13T04:12:59,MX,MXN,181.89,185.63,disputed
RIDE-00299,RIDER-0044,DRIVER-0023,2026-02-05T13:45:02,MX,MXN,620.9,649.51,completed
RIDE-00300,RIDER-0067,DRIVER-0008,2025-12-27T18:51:01,MX,MXN,361.11,348.04,completed
RIDE-00301,RIDER-0029,DRIVER-0014,2026-02-19T00:30:15,BR,BRL,50.54,49.33,completed
RIDE-00302,RIDER-0021,DRIVER-0004,2026-01-27T23:27:03,CO,COP,85000.0,80045.81,disputed
RIDE-00303,RIDER-0061,DRIVER-0037,2025-12-24T15:33:23,BR,BRL,146.86,135.81,disputed
RIDE-00304,RIDER-0066,DRIVER-0014,2026-02-19T13:36:56,MX,MXN,295.88,304.68,completed
RIDE-00305,RIDER-0070,DRIVER-0022,2026-02-17T22:33:02,CO,COP,85000.0,84668.17,cancelled
RIDE-00306,RIDER-0007,DRIVER-0001,2026-02-15T13:40:23,BR,BRL,84.34,80.55,cancelled
RIDE-00307,RIDER-0076,DRIVER-0035,2025-12-15T01:08:50,MX,MXN,315.01,311.56,disputed
RIDE-00308,RIDER-0049,DRIVER-0002,2025-12-17T22:36:27,MX,MXN,501.24,481.74,completed
RIDE-00309,RIDER-0019,DRIVER-0016,2026-01-04T18:45:54,MX,MXN,333.75,308.85,completed
RIDE-00310,RIDER-0049,DRIVER-0004,2025-12-02T12:46:21,CO,COP,71152.56,69666.62,completed
RIDE-00311,RIDER-0061,DRIVER-0005,2026-01-10T20:54:33,MX,MXN,413.23,406.43,completed
RIDE-00312,RIDER-0061,DRIVER-0038,2026-02-14T12:54:39,CO,COP,78316.15,74105.95,completed
RIDE-00313,RIDER-0012,DRIVER-0040,2026-01-18T22:01:45,MX,MXN,206.61,216.13,completed
RIDE-00314,RIDER-0022,DRIVER-0034,2026-02-15T01:03:04,MX,MXN,254.39,262.75,cancelled
RIDE-00315,RIDER-0067,DRIVER-0004,2026-02-01T11:05:32,MX,MXN,650.0,656.53,disputed
RIDE-00316,RIDER-0059,DRIVER-0007,2026-02-21T06:20:55,BR,BRL,103.5,101.91,completed
RIDE-00317,RIDER-0055,DRIVER-0006,2026-01-13T01:34:30,CO,COP,54008.58,55788.58,completed
RIDE-00318,RIDER-0061,DRIVER-0018,2025-12-15T09:38:34,MX,MXN,603.97,572.59,completed
RIDE-00319,RIDER-0061,DRIVER-0021,2026-01-26T19:59:54,CO,COP,81465.34,79119.33,completed
RIDE-00320,RIDER-0007,DRIVER-0030,2026-01-28T00:01:26,MX,MXN,404.27,424.45,completed
RIDE-00321,RIDER-0038,DRIVER-0008,2026-01-11T18:26:13,CO,COP,30861.97,32313.49,completed
RIDE-00322,RIDER-0061,DRIVER-0036,2026-02-02T04:44:44,BR,BRL,112.73,112.02,cancelled
RIDE-00323,RIDER-0038,DRIVER-0015,2025-12-21T21:02:24,CO,COP,55568.85,57469.69,completed
RIDE-00324,RIDER-0063,DRIVER-0027,2026-02-19T08:01:35,CO,COP,81564.79,83605.54,completed
RIDE-00325,RIDER-0040,DRIVER-0017,2025-12-31T08:17:25,CO,COP,24357.96,24935.63,completed
RIDE-00326,RIDER-0001,DRIVER-0031,2025-12-15T19:40:28,MX,MXN,322.38,319.41,completed
RIDE-00327,RIDER-0037,DRIVER-0028,2026-02-19T18:10:08,MX,MXN,370.02,356.03,completed
RIDE-00328,RIDER-0043,DRIVER-0009,2026-02-10T17:31:10,MX,MXN,650.0,630.83,completed
RIDE-00329,RIDER-0037,DRIVER-0036,2026-01-26T22:33:45,CO,COP,29464.37,28017.1,disputed
RIDE-00330,RIDER-0044,DRIVER-0028,2025-12-12T20:49:10,MX,MXN,650.0,650.35,completed
RIDE-00331,RIDER-0070,DRIVER-0019,2026-02-09T00:11:35,BR,BRL,159.06,154.19,completed
RIDE-00332,RIDER-0035,DRIVER-0033,2026-01-04T03:23:42,CO,COP,12896.55,11907.82,completed
RIDE-00333,RIDER-0037,DRIVER-0007,2026-02-02T18:18:23,MX,MXN,650.0,630.13,completed
RIDE-00334,RIDER-0063,DRIVER-0018,2026-01-24T00:11:33,MX,MXN,579.43,578.87,completed
RIDE-00335,RIDER-0061,DRIVER-0036,2026-02-17T08:57:43,CO,COP,85000.0,87183.49,completed
RIDE-00336,RIDER-0074,DRIVER-0036,2026-02-18T11:04:22,BR,BRL,140.3,133.52,completed
RIDE-00337,RIDER-0076,DRIVER-0018,2026-02-02T20:51:28,MX,MXN,399.96,371.1,completed
RIDE-00338,RIDER-0029,DRIVER-0020,2025-12-27T12:45:58,MX,MXN,238.36,234.35,completed
RIDE-00339,RIDER-0034,DRIVER-0010,2026-01-04T01:56:37,BR,BRL,83.43,79.85,completed
RIDE-00340,RIDER-0058,DRIVER-0002,2026-01-08T21:53:42,CO,COP,49235.24,47288.97,completed
RIDE-00341,RIDER-0030,DRIVER-0027,2026-01-21T12:06:51,MX,MXN,650.0,658.51,completed
RIDE-00342,RIDER-0061,DRIVER-0021,2025-12-16T06:47:24,CO,COP,27533.92,25979.61,completed
RIDE-00343,RIDER-0051,DRIVER-0004,2026-01-25T02:35:19,BR,BRL,85.8,80.96,completed
RIDE-00344,RIDER-0029,DRIVER-0006,2026-02-12T05:57:46,MX,MXN,257.26,255.65,completed
RIDE-00345,RIDER-0047,DRIVER-0039,2026-02-03T06:25:44,MX,MXN,407.75,426.17,completed
RIDE-00346,RIDER-0060,DRIVER-0033,2025-12-27T12:31:29,CO,COP,50330.92,46588.5,completed
RIDE-00347,RIDER-0057,DRIVER-0038,2026-01-11T17:46:16,MX,MXN,650.0,678.39,completed
RIDE-00348,RIDER-0025,DRIVER-0015,2026-02-03T18:31:53,CO,COP,46112.89,43791.12,completed
RIDE-00349,RIDER-0038,DRIVER-0014,2026-01-28T04:31:42,MX,MXN,354.62,354.42,completed
RIDE-00350,RIDER-0030,DRIVER-0017,2025-12-21T12:12:39,MX,MXN,186.57,190.58,completed
RIDE-00351,RIDER-0038,DRIVER-0028,2025-12-12T15:35:01,MX,MXN,245.75,252.37,completed
RIDE-00352,RIDER-0043,DRIVER-0015,2026-01-06T21:56:51,MX,MXN,248.15,248.42,completed
RIDE-00353,RIDER-0021,DRIVER-0023,2026-02-19T21:51:21,CO,COP,51736.3,51542.76,completed
RIDE-00354,RIDER-0012,DRIVER-0028,2026-02-22T16:03:23,MX,MXN,477.07,452.35,completed
RIDE-00355,RIDER-0061,DRIVER-0037,2025-12-08T13:25:58,MX,MXN,427.38,394.5,cancelled
RIDE-00356,RIDER-0037,DRIVER-0027,2026-01-09T06:22:25,CO,COP,72864.54,69232.47,completed
RIDE-00357,RIDER-0048,DRIVER-0021,2026-01-09T07:47:37,MX,MXN,650.0,648.23,completed
RIDE-00358,RIDER-0061,DRIVER-0024,2026-01-30T00:20:10,MX,MXN,232.51,226.85,completed
RIDE-00359,RIDER-0079,DRIVER-0028,2026-02-20T23:47:28,MX,MXN,650.0,656.51,completed
RIDE-00360,RIDER-0009,DRIVER-0020,2026-01-20T20:55:16,CO,COP,59808.87,57155.8,completed
RIDE-00361,RIDER-0072,DRIVER-0011,2025-12-22T12:18:01,CO,COP,85000.0,79146.52,completed
RIDE-00362,RIDER-0036,DRIVER-0033,2026-01-31T11:31:13,MX,MXN,259.8,246.67,completed
RIDE-00363,RIDER-0050,DRIVER-0010,2026-02-14T08:44:34,MX,MXN,209.22,194.37,completed
RIDE-00364,RIDER-0061,DRIVER-0012,2025-12-15T05:14:23,MX,MXN,390.59,404.03,completed
RIDE-00365,RIDER-0035,DRIVER-0005,2026-02-12T19:25:48,CO,COP,20670.65,20449.15,completed
RIDE-00366,RIDER-0061,DRIVER-0030,2026-02-14T00:51:59,MX,MXN,642.01,673.62,completed
RIDE-00367,RIDER-0061,DRIVER-0037,2026-02-12T18:38:31,BR,BRL,52.43,52.04,completed
RIDE-00368,RIDER-0077,DRIVER-0021,2026-01-30T15:14:28,CO,COP,31631.6,31413.3,completed
RIDE-00369,RIDER-0061,DRIVER-0020,2025-12-07T15:07:06,MX,MXN,337.94,318.61,completed
RIDE-00370,RIDER-0043,DRIVER-0033,2026-01-27T10:06:28,BR,BRL,104.48,97.43,completed
RIDE-00371,RIDER-0035,DRIVER-0004,2026-01-14T19:56:16,MX,MXN,171.38,174.52,completed
RIDE-00372,RIDER-0028,DRIVER-0006,2025-12-28T20:56:16,MX,MXN,599.69,624.0,completed
RIDE-00373,RIDER-0019,DRIVER-0038,2026-01-19T05:33:13,CO,COP,61021.82,59307.78,completed
RIDE-00374,RIDER-0060,DRIVER-0003,2026-02-15T21:04:09,CO,COP,82534.08,81520.94,completed
RIDE-00375,RIDER-0062,DRIVER-0013,2026-02-17T15:00:28,CO,COP,48304.32,44999.64,completed
RIDE-00376,RIDER-0061,DRIVER-0004,2026-01-16T04:17:45,MX,MXN,371.49,379.54,completed
RIDE-00377,RIDER-0033,DRIVER-0022,2026-02-17T17:41:22,CO,COP,41696.93,38557.19,cancelled
RIDE-00378,RIDER-0076,DRIVER-0012,2025-12-09T04:30:04,BR,BRL,64.8,60.35,completed
RIDE-00379,RIDER-0033,DRIVER-0029,2026-02-07T16:52:41,MX,MXN,178.6,177.17,completed
RIDE-00380,RIDER-0049,DRIVER-0024,2026-01-29T04:56:58,CO,COP,25919.08,25869.24,completed
RIDE-00381,RIDER-0048,DRIVER-0022,2026-01-07T14:44:45,BR,BRL,32.72,34.01,completed
RIDE-00382,RIDER-0071,DRIVER-0022,2025-12-06T02:01:13,CO,COP,46879.34,45448.63,completed
RIDE-00383,RIDER-0066,DRIVER-0025,2025-12-10T04:12:53,MX,MXN,330.74,341.6,completed
RIDE-00384,RIDER-0038,DRIVER-0039,2026-02-09T06:25:17,MX,MXN,248.82,231.53,cancelled
RIDE-00385,RIDER-0061,DRIVER-0010,2026-01-02T08:47:23,BR,BRL,157.65,148.59,completed
RIDE-00386,RIDER-0067,DRIVER-0026,2025-12-31T02:53:32,BR,BRL,97.36,97.68,disputed
RIDE-00387,RIDER-0070,DRIVER-0020,2026-02-07T19:42:10,MX,MXN,345.92,324.21,cancelled
RIDE-00388,RIDER-0063,DRIVER-0009,2026-02-01T11:26:52,CO,COP,44440.4,44387.64,completed
RIDE-00389,RIDER-0049,DRIVER-0034,2026-02-19T11:36:51,CO,COP,67731.11,63852.08,cancelled
RIDE-00390,RIDER-0008,DRIVER-0024,2026-02-04T02:16:32,MX,MXN,204.02,197.45,completed
RIDE-00391,RIDER-0017,DRIVER-0014,2025-12-30T23:42:36,MX,MXN,298.32,275.46,completed
RIDE-00392,RIDER-0040,DRIVER-0015,2026-02-13T09:16:24,MX,MXN,357.48,373.77,completed
RIDE-00393,RIDER-0049,DRIVER-0007,2025-12-16T01:02:54,BR,BRL,125.11,120.17,completed
RIDE-00394,RIDER-0026,DRIVER-0034,2026-01-22T09:45:25,CO,COP,28134.45,28227.5,completed
RIDE-00395,RIDER-0061,DRIVER-0040,2026-01-02T16:43:04,MX,MXN,323.35,323.53,cancelled
RIDE-00396,RIDER-0080,DRIVER-0012,2026-01-06T13:49:15,MX,MXN,312.32,289.7,completed
RIDE-00397,RIDER-0061,DRIVER-0011,2026-02-13T20:47:17,BR,BRL,180.0,166.95,completed
RIDE-00398,RIDER-0008,DRIVER-0016,2025-12-05T05:48:38,CO,COP,33114.17,33444.68,completed
RIDE-00399,RIDER-0080,DRIVER-0029,2026-01-29T06:47:25,BR,BRL,82.53,81.39,completed
RIDE-00400,RIDER-0060,DRIVER-0031,2025-12-24T05:18:10,MX,MXN,432.35,414.98,completed
RIDE-00401,RIDER-0039,DRIVER-0037,2025-12-19T20:05:25,BR,BRL,174.11,172.11,completed
RIDE-00402,RIDER-0038,DRIVER-0025,2026-01-14T19:47:32,BR,BRL,48.47,46.91,completed
RIDE-00403,RIDER-0061,DRIVER-0013,2026-01-10T15:33:01,CO,COP,40216.6,41325.77,disputed
RIDE-00404,RIDER-0029,DRIVER-0004,2025-12-14T10:29:31,BR,BRL,71.96,66.38,cancelled
RIDE-00405,RIDER-0017,DRIVER-0007,2026-01-06T00:59:12,CO,COP,12318.98,12551.04,completed
RIDE-00406,RIDER-0029,DRIVER-0019,2026-01-20T02:09:21,CO,COP,21481.81,19797.11,cancelled
RIDE-00407,RIDER-0066,DRIVER-0033,2025-12-16T13:33:17,MX,MXN,380.86,398.71,completed
RIDE-00408,RIDER-0053,DRIVER-0015,2026-01-12T11:23:05,MX,MXN,344.85,322.18,completed
RIDE-00409,RIDER-0068,DRIVER-0027,2026-01-03T22:35:32,BR,BRL,128.25,125.57,cancelled
RIDE-00410,RIDER-0035,DRIVER-0025,2026-01-18T17:45:40,MX,MXN,342.79,322.05,completed
RIDE-00411,RIDER-0046,DRIVER-0021,2026-01-06T09:36:35,BR,BRL,60.2,61.15,completed
RIDE-00412,RIDER-0065,DRIVER-0022,2026-02-20T11:25:20,BR,BRL,48.35,47.37,completed
RIDE-00413,RIDER-0076,DRIVER-0031,2025-12-14T08:37:49,BR,BRL,42.84,44.38,completed
RIDE-00414,RIDER-0041,DRIVER-0031,2025-12-14T11:24:37,CO,COP,32205.14,32509.72,completed
RIDE-00415,RIDER-0068,DRIVER-0002,2025-12-01T12:14:10,CO,COP,75687.64,72138.43,cancelled
RIDE-00416,RIDER-0072,DRIVER-0039,2026-02-20T01:36:18,MX,MXN,650.0,653.72,completed
RIDE-00417,RIDER-0059,DRIVER-0016,2025-12-11T19:05:02,CO,COP,33241.7,33333.68,completed
RIDE-00418,RIDER-0061,DRIVER-0040,2025-12-05T15:15:51,MX,MXN,353.11,331.75,completed
RIDE-00419,RIDER-0061,DRIVER-0032,2025-12-11T18:19:03,CO,COP,30875.21,30461.14,completed
RIDE-00420,RIDER-0002,DRIVER-0037,2025-12-02T14:17:49,CO,COP,37487.28,34835.56,completed
RIDE-00421,RIDER-0061,DRIVER-0001,2025-12-14T22:33:29,MX,MXN,381.12,398.02,completed
RIDE-00422,RIDER-0064,DRIVER-0012,2025-12-24T08:33:19,CO,COP,22944.98,22152.49,completed
RIDE-00423,RIDER-0022,DRIVER-0024,2025-12-09T07:29:41,CO,COP,27684.02,27849.52,completed
RIDE-00424,RIDER-0003,DRIVER-0033,2026-01-21T01:48:26,MX,MXN,628.68,600.05,completed
RIDE-00425,RIDER-0078,DRIVER-0003,2026-01-07T21:49:23,CO,COP,64466.08,59997.44,cancelled
RIDE-00426,RIDER-0037,DRIVER-0002,2026-01-06T05:51:27,CO,COP,74045.99,74135.31,completed
RIDE-00427,RIDER-0015,DRIVER-0007,2025-12-07T13:25:30,MX,MXN,238.02,225.34,completed
RIDE-00428,RIDER-0052,DRIVER-0009,2026-02-10T09:06:35,BR,BRL,180.0,180.67,completed
RIDE-00429,RIDER-0078,DRIVER-0012,2026-01-23T00:18:15,MX,MXN,458.92,424.71,completed
RIDE-00430,RIDER-0057,DRIVER-0031,2026-02-05T11:25:33,BR,BRL,69.59,72.89,completed
RIDE-00431,RIDER-0061,DRIVER-0030,2026-02-17T18:55:35,CO,COP,71563.31,71256.66,completed
RIDE-00432,RIDER-0035,DRIVER-0013,2025-12-20T13:44:27,MX,MXN,454.82,426.01,completed
RIDE-00433,RIDER-0027,DRIVER-0033,2025-12-31T15:23:29,BR,BRL,164.12,170.79,cancelled
RIDE-00434,RIDER-0059,DRIVER-0017,2026-02-18T04:02:01,MX,MXN,206.1,201.38,completed
RIDE-00435,RIDER-0029,DRIVER-0023,2026-02-01T19:23:14,MX,MXN,130.01,135.55,completed
RIDE-00436,RIDER-0061,DRIVER-0022,2025-12-05T15:23:29,BR,BRL,85.95,88.98,cancelled
RIDE-00437,RIDER-0066,DRIVER-0026,2026-02-16T14:36:10,MX,MXN,302.58,289.62,completed
RIDE-00438,RIDER-0044,DRIVER-0012,2026-01-07T12:56:51,CO,COP,41392.58,42144.08,completed
RIDE-00439,RIDER-0061,DRIVER-0034,2026-01-18T07:18:48,CO,COP,51829.14,53356.02,completed
RIDE-00440,RIDER-0053,DRIVER-0006,2025-12-09T00:29:55,MX,MXN,484.06,456.5,completed
RIDE-00441,RIDER-0076,DRIVER-0019,2026-02-18T20:11:38,CO,COP,80915.02,84799.51,completed
RIDE-00442,RIDER-0026,DRIVER-0019,2025-12-08T18:34:26,MX,MXN,424.37,435.54,completed
RIDE-00443,RIDER-0068,DRIVER-0011,2026-01-28T12:12:36,MX,MXN,250.91,247.34,completed
RIDE-00444,RIDER-0049,DRIVER-0023,2026-01-04T03:09:49,CO,COP,52513.96,52343.04,completed
RIDE-00445,RIDER-0054,DRIVER-0004,2026-01-12T05:29:05,CO,COP,85000.0,81487.91,completed
RIDE-00446,RIDER-0062,DRIVER-0033,2026-01-31T21:30:42,MX,MXN,506.46,507.84,completed
RIDE-00447,RIDER-0044,DRIVER-0002,2026-02-04T23:08:29,BR,BRL,116.16,109.28,completed
RIDE-00448,RIDER-0024,DRIVER-0029,2026-01-28T23:44:50,MX,MXN,313.02,320.54,completed
RIDE-00449,RIDER-0061,DRIVER-0024,2025-12-07T12:39:54,MX,MXN,227.13,225.35,completed
RIDE-00450,RIDER-0065,DRIVER-0010,2026-01-25T01:46:32,MX,MXN,191.11,184.65,completed
RIDE-00451,RIDER-0001,DRIVER-0005,2026-01-06T00:24:35,CO,COP,56202.65,55755.81,completed
RIDE-00452,RIDER-0037,DRIVER-0021,2026-01-21T09:43:51,CO,COP,30393.03,31747.03,completed
RIDE-00453,RIDER-0019,DRIVER-0002,2025-12-25T05:38:14,CO,COP,62227.85,59894.37,disputed
RIDE-00454,RIDER-0037,DRIVER-0036,2026-01-18T10:51:24,CO,COP,64576.67,67774.73,completed
RIDE-00455,RIDER-0061,DRIVER-0029,2026-02-14T05:47:53,MX,MXN,288.4,282.15,completed
RIDE-00456,RIDER-0038,DRIVER-0032,2026-01-29T09:46:37,MX,MXN,388.82,377.5,completed
RIDE-00457,RIDER-0001,DRIVER-0029,2025-12-14T04:16:12,MX,MXN,553.94,559.72,cancelled
RIDE-00458,RIDER-0011,DRIVER-0006,2026-02-08T06:16:20,MX,MXN,162.06,165.83,completed
RIDE-00459,RIDER-0047,DRIVER-0023,2026-02-21T02:12:26,BR,BRL,180.0,179.36,disputed
RIDE-00460,RIDER-0054,DRIVER-0020,2026-01-23T09:35:10,CO,COP,33938.11,33781.92,completed
RIDE-00461,RIDER-0057,DRIVER-0012,2026-02-08T02:38:07,BR,BRL,105.28,104.53,completed
RIDE-00462,RIDER-0067,DRIVER-0013,2026-01-19T09:29:12,BR,BRL,160.19,152.99,completed
RIDE-00463,RIDER-0009,DRIVER-0002,2025-12-23T23:38:07,BR,BRL,129.1,127.13,completed
RIDE-00464,RIDER-0061,DRIVER-0036,2026-01-25T13:30:10,MX,MXN,319.15,326.18,completed
RIDE-00465,RIDER-0050,DRIVER-0026,2025-12-09T08:53:47,MX,MXN,277.04,283.28,completed
RIDE-00466,RIDER-0040,DRIVER-0027,2026-02-08T19:05:15,BR,BRL,54.24,52.21,completed
RIDE-00467,RIDER-0026,DRIVER-0009,2026-02-18T22:31:11,BR,BRL,87.14,81.17,completed
RIDE-00468,RIDER-0075,DRIVER-0030,2026-02-01T08:45:26,BR,BRL,180.0,188.96,completed
RIDE-00469,RIDER-0038,DRIVER-0036,2026-01-03T10:46:39,CO,COP,61686.7,61904.67,completed
RIDE-00470,RIDER-0038,DRIVER-0009,2025-12-18T16:00:17,CO,COP,82862.23,77507.98,completed
RIDE-00471,RIDER-0037,DRIVER-0034,2025-12-06T09:07:16,CO,COP,60202.35,61958.71,completed
RIDE-00472,RIDER-0037,DRIVER-0015,2025-12-16T23:40:43,MX,MXN,650.0,613.59,completed
RIDE-00473,RIDER-0004,DRIVER-0006,2026-01-20T09:07:10,MX,MXN,650.0,626.27,cancelled
RIDE-00474,RIDER-0076,DRIVER-0018,2026-01-31T15:47:24,MX,MXN,372.86,357.51,disputed
RIDE-00475,RIDER-0039,DRIVER-0006,2025-12-30T09:37:56,MX,MXN,143.53,136.89,completed
RIDE-00476,RIDER-0047,DRIVER-0038,2025-12-17T08:57:00,CO,COP,58175.4,56986.54,completed
RIDE-00477,RIDER-0010,DRIVER-0039,2026-02-02T22:57:31,MX,MXN,266.24,249.56,completed
RIDE-00478,RIDER-0061,DRIVER-0002,2026-01-24T17:19:30,MX,MXN,342.75,334.79,completed
RIDE-00479,RIDER-0020,DRIVER-0017,2026-02-01T06:41:43,MX,MXN,650.0,662.69,completed
RIDE-00480,RIDER-0061,DRIVER-0040,2026-02-13T11:08:38,CO,COP,27315.92,27798.83,completed
RIDE-00481,RIDER-0008,DRIVER-0035,2026-01-18T08:30:46,CO,COP,52329.4,54650.73,cancelled
RIDE-00482,RIDER-0029,DRIVER-0026,2025-12-30T07:55:49,MX,MXN,330.53,315.33,completed
RIDE-00483,RIDER-0029,DRIVER-0011,2025-12-08T02:02:22,MX,MXN,313.85,325.72,completed
RIDE-00484,RIDER-0064,DRIVER-0022,2026-01-17T00:23:12,CO,COP,71055.04,69524.95,completed
RIDE-00485,RIDER-0047,DRIVER-0021,2025-12-31T08:22:12,CO,COP,30116.49,27963.09,cancelled
RIDE-00486,RIDER-0072,DRIVER-0026,2026-02-22T13:45:23,CO,COP,13390.46,12923.86,completed
RIDE-00487,RIDER-0061,DRIVER-0007,2026-01-05T23:25:16,MX,MXN,540.66,498.94,completed
RIDE-00488,RIDER-0007,DRIVER-0029,2026-01-15T06:57:35,MX,MXN,359.34,374.36,completed
RIDE-00489,RIDER-0029,DRIVER-0025,2025-12-10T09:35:15,MX,MXN,449.77,438.28,completed
RIDE-00490,RIDER-0054,DRIVER-0011,2026-01-10T14:19:28,BR,BRL,142.81,135.06,completed
RIDE-00491,RIDER-0079,DRIVER-0013,2026-01-26T02:06:30,BR,BRL,51.28,50.27,completed
RIDE-00492,RIDER-0019,DRIVER-0030,2026-01-18T09:02:34,BR,BRL,42.81,40.02,disputed
RIDE-00493,RIDER-0029,DRIVER-0006,2025-12-30T22:57:05,CO,COP,80562.41,76477.19,completed
RIDE-00494,RIDER-0014,DRIVER-0016,2026-01-19T01:46:15,BR,BRL,106.13,104.86,completed
RIDE-00495,RIDER-0061,DRIVER-0019,2026-01-04T06:18:18,MX,MXN,617.13,636.77,completed
RIDE-00496,RIDER-0010,DRIVER-0031,2026-02-20T19:58:55,CO,COP,49150.32,48691.25,completed
RIDE-00497,RIDER-0047,DRIVER-0028,2025-12-01T19:03:17,MX,MXN,289.24,283.33,completed
RIDE-00498,RIDER-0038,DRIVER-0026,2025-12-26T16:15:59,MX,MXN,432.27,423.67,completed
RIDE-00499,RIDER-0053,DRIVER-0036,2026-01-08T21:25:22,MX,MXN,546.06,548.59,completed
RIDE-00500,RIDER-0044,DRIVER-0025,2026-01-23T17:06:10,MX,MXN,351.13,359.85,completed
