transaction_id,ride_id,event_type,amount,currency,timestamp,status,reference_txn_id,amount_usd
TXN-00001,RIDE-00001,authorization,35323.39,COP,2025-12-03T10:17:45,approved,,8.49
TXN-00002,RIDE-00001,capture,33963.82,COP,2025-12-03T10:50:45,approved,TXN-00001,8.17
TXN-00003,RIDE-00001,refund,33963.82,COP,2025-12-06T14:50:45,approved,TXN-00002,8.31
TXN-00004,RIDE-00002,authorization,364.77,MXN,2026-02-10T12:07:08,approved,,20.92
TXN-00005,RIDE-00002,capture,365.55,MXN,2026-02-10T12:35:08,approved,TXN-00004,20.97
TXN-00006,RIDE-00003,authorization,467.94,MXN,2026-01-10T23:08:56,approved,,27.29
TXN-00007,RIDE-00003,capture,448.34,MXN,2026-01-10T23:40:56,approved,TXN-00006,26.14
TXN-00008,RIDE-00004,authorization,620.06,MXN,2026-01-19T01:33:47,approved,,36.31
TXN-00009,RIDE-00004,capture,634.26,MXN,2026-01-19T02:12:47,approved,TXN-00008,37.14
TXN-00010,RIDE-00005,authorization,516.25,MXN,2026-02-02T02:20:25,approved,,29.75
TXN-00011,RIDE-00005,capture,357.05,MXN,2026-02-02T02:39:25,approved,TXN-00010,20.58
TXN-00012,RIDE-00006,authorization,360.92,MXN,2026-01-27T05:05:18,approved,,20.91
TXN-00013,RIDE-00006,capture,120.91,MXN,2026-01-27T05:46:18,approved,TXN-00012,7.01
TXN-00014,RIDE-00007,authorization,68.43,BRL,2025-12-16T12:03:59,approved,,13.93
TXN-00015,RIDE-00007,capture,66.08,BRL,2025-12-16T12:35:59,approved,TXN-00014,13.45
TXN-00016,RIDE-00007,authorization,68.43,BRL,2025-12-16T12:04:40,approved,,13.93
TXN-00017,RIDE-00008,authorization,427.19,MXN,2025-12-21T21:44:02,approved,,24.79
TXN-00018,RIDE-00008,capture,427.35,MXN,2025-12-21T22:05:02,approved,TXN-00017,24.8
TXN-00019,RIDE-00008,refund,427.35,MXN,2025-12-24T21:43:02,approved,TXN-00018,24.94
TXN-00020,RIDE-00009,authorization,262.15,MXN,2026-01-06T21:17:41,approved,,15.26
TXN-00021,RIDE-00009,capture,244.04,MXN,2026-01-06T21:53:41,approved,TXN-00020,12.98
TXN-00022,RIDE-00010,authorization,35557.22,COP,2026-02-17T08:45:42,approved,,8.89
TXN-00023,RIDE-00010,capture,33104.8,COP,2026-02-17T09:07:42,approved,TXN-00022,8.28
TXN-00024,RIDE-00011,authorization,50536.08,COP,2026-01-06T18:02:56,approved,,12.35
TXN-00025,RIDE-00011,capture,48952.04,COP,2026-01-06T18:34:56,approved,TXN-00024,11.97
TXN-00026,RIDE-00012,authorization,67.03,BRL,2026-01-30T01:17:19,approved,,13.34
TXN-00027,RIDE-00012,void,67.03,BRL,2026-01-30T01:43:19,approved,TXN-00026,13.34
TXN-00028,RIDE-00013,authorization,40444.83,COP,2026-02-07T09:46:16,approved,,10.27
TXN-00029,RIDE-00013,capture,39439.73,COP,2026-02-07T10:21:16,approved,TXN-00028,9.12
TXN-00030,RIDE-00014,authorization,95.09,BRL,2025-12-08T17:55:43,approved,,18.86
TXN-00031,RIDE-00014,void,95.09,BRL,2025-12-08T18:11:43,approved,TXN-00030,18.86
TXN-00032,RIDE-00015,authorization,210.5,MXN,2026-01-14T00:33:21,approved,,12.42
TXN-00033,RIDE-00015,capture,195.2,MXN,2026-01-14T01:07:21,approved,TXN-00032,11.52
TXN-00034,RIDE-00015,refund,68.21,MXN,2026-01-16T13:07:21,approved,TXN-00033,4.0
TXN-00035,RIDE-00016,authorization,408.35,MXN,2026-01-04T11:50:26,approved,,23.82
TXN-00036,RIDE-00016,capture,415.29,MXN,2026-01-04T12:14:26,approved,TXN-00035,24.22
TXN-00037,RIDE-00016,authorization,404.19,MXN,2026-01-04T11:50:34,approved,,23.57
TXN-00038,RIDE-00017,authorization,29756.48,COP,2026-02-05T08:48:53,approved,,7.56
TXN-00039,RIDE-00017,capture,31097.97,COP,2026-02-05T09:16:53,approved,TXN-00038,7.91
TXN-00040,RIDE-00018,authorization,63544.12,COP,2026-01-21T20:38:10,approved,,15.7
TXN-00041,RIDE-00018,capture,60307.66,COP,2026-01-21T21:20:10,approved,TXN-00040,15.73
TXN-00042,RIDE-00019,authorization,36820.41,COP,2025-12-27T05:02:26,approved,,9.04
TXN-00043,RIDE-00019,capture,33932.96,COP,2025-12-27T05:45:26,approved,TXN-00042,8.33
TXN-00044,RIDE-00019,refund,33932.96,COP,2025-12-28T05:01:26,approved,TXN-00043,8.27
TXN-00045,RIDE-00020,authorization,388.7,MXN,2026-01-01T11:40:00,approved,,22.65
TXN-00046,RIDE-00020,capture,361.33,MXN,2026-01-01T12:06:00,approved,TXN-00045,21.06
TXN-00047,RIDE-00021,authorization,349.69,MXN,2025-12-04T02:48:56,approved,,20.08
TXN-00048,RIDE-00021,capture,365.78,MXN,2025-12-04T03:19:56,approved,TXN-00047,21.0
TXN-00049,RIDE-00022,authorization,650.0,MXN,2025-12-21T11:39:32,approved,,37.72
TXN-00050,RIDE-00022,void,650.0,MXN,2025-12-21T11:46:32,approved,TXN-00049,37.72
TXN-00051,RIDE-00023,authorization,155.09,BRL,2025-12-31T13:16:09,approved,,31.52
TXN-00052,RIDE-00023,capture,154.46,BRL,2025-12-31T13:37:09,approved,TXN-00051,31.39
TXN-00053,RIDE-00023,authorization,155.27,BRL,2025-12-31T13:16:13,approved,,31.55
TXN-00054,RIDE-00024,authorization,650.0,MXN,2026-02-01T09:59:12,approved,,37.29
TXN-00055,RIDE-00024,capture,285.26,MXN,2026-02-01T10:14:12,approved,TXN-00054,16.37
TXN-00056,RIDE-00025,authorization,231.97,MXN,2026-02-11T07:57:00,approved,,13.34
TXN-00057,RIDE-00025,capture,227.4,MXN,2026-02-11T08:29:00,approved,TXN-00056,13.07
TXN-00058,RIDE-00026,authorization,30787.11,COP,2026-01-11T14:21:23,approved,,7.48
TXN-00059,RIDE-00026,void,30787.11,COP,2026-01-11T14:30:23,approved,TXN-00058,7.48
TXN-00060,RIDE-00027,authorization,374.64,MXN,2025-12-14T10:20:10,approved,,21.7
TXN-00061,RIDE-00027,capture,378.67,MXN,2025-12-14T10:43:10,approved,TXN-00060,21.93
TXN-00062,RIDE-00028,authorization,154.4,BRL,2026-02-22T14:31:54,approved,,29.85
TXN-00063,RIDE-00028,capture,155.79,BRL,2026-02-22T15:06:54,approved,TXN-00062,30.12
TXN-00064,RIDE-00029,authorization,71.94,BRL,2026-01-10T23:44:14,approved,,14.55
TXN-00065,RIDE-00029,capture,74.7,BRL,2026-01-11T00:16:14,approved,TXN-00064,14.92
TXN-00066,RIDE-00030,authorization,179.58,MXN,2026-01-15T10:38:07,approved,,10.55
TXN-00067,RIDE-00030,capture,186.99,MXN,2026-01-15T11:20:07,approved,TXN-00066,10.98
TXN-00068,RIDE-00031,authorization,180.0,BRL,2025-12-02T02:45:09,approved,,35.21
TXN-00069,RIDE-00031,capture,166.66,BRL,2025-12-02T03:06:09,approved,TXN-00068,32.6
TXN-00070,RIDE-00032,authorization,81156.76,COP,2026-01-22T03:15:53,approved,,20.01
TXN-00071,RIDE-00032,capture,85080.36,COP,2026-01-22T03:51:53,approved,TXN-00070,20.98
TXN-00072,RIDE-00033,authorization,274.84,MXN,2026-01-12T05:06:35,approved,,16.14
TXN-00073,RIDE-00033,capture,274.08,MXN,2026-01-12T05:36:35,approved,TXN-00072,16.1
TXN-00074,RIDE-00034,authorization,90.66,BRL,2026-02-08T20:58:39,approved,,17.33
TXN-00075,RIDE-00034,capture,88.3,BRL,2026-02-08T21:28:39,approved,TXN-00074,16.88
TXN-00076,RIDE-00035,authorization,178.26,BRL,2026-01-19T06:59:02,approved,,35.94
TXN-00077,RIDE-00035,void,178.26,BRL,2026-01-19T07:14:02,approved,TXN-00076,35.94
TXN-00078,RIDE-00036,authorization,96.25,BRL,2026-01-19T06:57:24,approved,,19.4
TXN-00079,RIDE-00036,capture,98.17,BRL,2026-01-19T07:41:24,approved,TXN-00078,19.79
TXN-00080,RIDE-00037,authorization,355.76,MXN,2025-12-16T16:26:11,approved,,20.66
TXN-00081,RIDE-00037,capture,366.59,MXN,2025-12-16T16:47:11,approved,TXN-00080,21.29
TXN-00082,RIDE-00037,authorization,355.76,MXN,2025-12-16T16:26:16,approved,,20.66
TXN-00083,RIDE-00037,authorization,355.76,MXN,2025-12-16T16:26:26,approved,,20.66
TXN-00084,RIDE-00038,authorization,56.29,BRL,2026-01-28T03:40:31,approved,,11.31
TXN-00086,RIDE-00039,authorization,323.62,MXN,2026-01-05T05:50:23,approved,,18.85
TXN-00087,RIDE-00039,void,323.62,MXN,2026-01-05T06:17:23,approved,TXN-00086,18.85
TXN-00088,RIDE-00040,authorization,161.37,MXN,2025-12-24T09:17:17,approved,,9.42
TXN-00089,RIDE-00040,void,161.37,MXN,2025-12-24T09:28:17,approved,TXN-00088,9.42
TXN-00090,RIDE-00041,authorization,650.0,MXN,2026-01-17T04:28:23,approved,,37.94
TXN-00091,RIDE-00041,capture,641.97,MXN,2026-01-17T05:00:23,approved,TXN-00090,37.47
TXN-00092,RIDE-00042,authorization,173.12,BRL,2025-12-13T11:12:25,approved,,35.18
TXN-00093,RIDE-00042,capture,171.69,BRL,2025-12-13T11:31:25,approved,TXN-00092,34.88
TXN-00094,RIDE-00042,refund,96.72,BRL,2025-12-14T20:31:25,approved,TXN-00093,19.63
TXN-00095,RIDE-00043,authorization,359.43,MXN,2026-01-21T05:35:08,approved,,21.02
TXN-00096,RIDE-00043,void,359.43,MXN,2026-01-21T05:51:08,approved,TXN-00095,21.02
TXN-00097,RIDE-00044,authorization,132.56,BRL,2026-01-22T08:40:03,approved,,27.14
TXN-00098,RIDE-00044,capture,134.09,BRL,2026-01-22T09:11:03,approved,TXN-00097,27.46
TXN-00099,RIDE-00044,authorization,132.56,BRL,2026-01-22T08:40:27,approved,,27.14
TXN-00100,RIDE-00045,authorization,85000.0,COP,2026-01-08T17:44:09,approved,,20.74
TXN-00101,RIDE-00045,capture,79706.9,COP,2026-01-08T18:09:09,approved,TXN-00100,19.45
TXN-00102,RIDE-00045,refund,79706.9,COP,2026-01-13T17:43:09,approved,TXN-00101,19.58
TXN-00103,RIDE-00046,authorization,76391.75,COP,2026-01-20T06:03:20,approved,,18.91
TXN-00104,RIDE-00046,capture,74175.76,COP,2026-01-20T06:31:20,approved,TXN-00103,18.36
TXN-00105,RIDE-00047,authorization,144.23,MXN,2026-01-02T19:47:47,approved,,8.4
TXN-00106,RIDE-00047,capture,149.64,MXN,2026-01-02T20:27:47,approved,TXN-00105,8.71
TXN-00107,RIDE-00048,authorization,650.0,MXN,2025-12-22T09:10:37,approved,,37.86
TXN-00108,RIDE-00048,capture,631.51,MXN,2025-12-22T09:38:37,approved,TXN-00107,36.78
TXN-00109,RIDE-00048,authorization,650.0,MXN,2025-12-22T09:11:02,approved,,37.86
TXN-00110,RIDE-00049,authorization,360.62,MXN,2025-12-04T01:11:50,approved,,20.71
TXN-00111,RIDE-00049,void,360.62,MXN,2025-12-04T01:27:50,approved,TXN-00110,20.71
TXN-00112,RIDE-00050,authorization,19201.17,COP,2025-12-28T00:54:56,approved,,4.68
TXN-00113,RIDE-00050,capture,22061.24,COP,2025-12-28T01:21:56,approved,TXN-00112,5.38
TXN-00114,RIDE-00051,authorization,43767.37,COP,2026-02-09T05:34:01,approved,,11.03
TXN-00115,RIDE-00051,void,43767.37,COP,2026-02-09T05:41:01,approved,TXN-00114,11.03
TXN-00116,RIDE-00052,authorization,23439.62,COP,2025-12-24T14:13:28,approved,,5.74
TXN-00117,RIDE-00052,capture,21795.62,COP,2025-12-24T14:36:28,approved,TXN-00116,5.34
TXN-00118,RIDE-00052,authorization,23439.62,COP,2025-12-24T14:14:01,approved,,5.74
TXN-00119,RIDE-00053,authorization,485.7,MXN,2025-12-10T09:53:54,approved,,28.03
TXN-00121,RIDE-00054,authorization,54052.81,COP,2026-01-15T08:15:46,approved,,13.3
TXN-00122,RIDE-00054,void,54052.81,COP,2026-01-15T08:28:46,approved,TXN-00121,13.3
TXN-00123,RIDE-00055,authorization,28126.79,COP,2026-02-01T17:42:28,approved,,7.02
TXN-00124,RIDE-00055,capture,29155.74,COP,2026-02-01T18:03:28,approved,TXN-00123,7.28
TXN-00125,RIDE-00056,authorization,27489.37,COP,2026-02-16T17:31:56,approved,,6.89
TXN-00126,RIDE-00056,void,27489.37,COP,2026-02-16T17:42:56,approved,TXN-00125,6.89
TXN-00127,RIDE-00057,authorization,447.1,MXN,2026-01-22T01:39:10,approved,,26.0
TXN-00128,RIDE-00057,capture,421.15,MXN,2026-01-22T02:11:10,approved,TXN-00127,24.49
TXN-00129,RIDE-00058,authorization,329.39,MXN,2026-01-14T22:00:05,approved,,19.44
TXN-00130,RIDE-00058,capture,311.87,MXN,2026-01-14T22:30:05,approved,TXN-00129,18.4
TXN-00131,RIDE-00058,authorization,329.39,MXN,2026-01-14T22:00:50,approved,,19.44
TXN-00132,RIDE-00059,authorization,26817.14,COP,2026-02-22T15:07:19,approved,,6.84
TXN-00133,RIDE-00059,void,26817.14,COP,2026-02-22T15:20:19,approved,TXN-00132,6.84
TXN-00134,RIDE-00060,authorization,244.91,MXN,2026-01-22T11:40:40,approved,,14.24
TXN-00135,RIDE-00060,capture,82.49,MXN,2026-01-22T12:18:40,approved,TXN-00134,4.8
TXN-00136,RIDE-00061,authorization,106.84,BRL,2026-02-21T09:37:15,approved,,20.77
TXN-00137,RIDE-00061,capture,99.14,BRL,2026-02-21T09:56:15,approved,TXN-00136,19.28
TXN-00138,RIDE-00062,authorization,61175.44,COP,2025-12-21T18:06:02,approved,,15.16
TXN-00139,RIDE-00062,void,61175.44,COP,2025-12-21T18:34:02,approved,TXN-00138,15.16
TXN-00140,RIDE-00063,authorization,507.51,MXN,2025-12-01T05:02:20,approved,,29.46
TXN-00141,RIDE-00063,capture,491.35,MXN,2025-12-01T05:21:20,approved,TXN-00140,28.52
TXN-00142,RIDE-00063,refund,491.35,MXN,2025-12-03T05:01:20,approved,TXN-00141,28.26
TXN-00143,RIDE-00064,authorization,45.0,BRL,2026-02-15T05:31:02,approved,,8.75
TXN-00144,RIDE-00064,capture,44.11,BRL,2026-02-15T06:01:02,approved,TXN-00143,8.58
TXN-00145,RIDE-00065,authorization,85000.0,COP,2026-02-09T22:13:02,approved,,21.42
TXN-00146,RIDE-00065,capture,78605.35,COP,2026-02-09T22:32:02,approved,TXN-00145,19.81
TXN-00147,RIDE-00065,refund,78605.35,COP,2026-02-14T22:12:02,approved,TXN-00146,19.79
TXN-00148,RIDE-00066,authorization,60035.8,COP,2026-01-17T06:03:35,approved,,14.98
TXN-00149,RIDE-00066,capture,59226.4,COP,2026-01-17T06:46:35,approved,TXN-00148,15.35
TXN-00150,RIDE-00067,authorization,406.01,MXN,2025-12-06T16:16:33,approved,,23.34
TXN-00151,RIDE-00067,capture,379.19,MXN,2025-12-06T17:01:33,approved,TXN-00150,21.8
TXN-00152,RIDE-00068,authorization,155.64,MXN,2025-12-31T10:47:07,approved,,9.06
TXN-00153,RIDE-00068,capture,60.91,MXN,2025-12-31T11:01:07,approved,TXN-00152,3.55
TXN-00154,RIDE-00069,authorization,49818.89,COP,2026-02-21T18:58:52,approved,,12.62
TXN-00155,RIDE-00069,capture,45963.37,COP,2026-02-21T19:39:52,approved,TXN-00154,11.64
TXN-00156,RIDE-00070,authorization,69.48,BRL,2025-12-08T18:42:23,approved,,13.78
TXN-00157,RIDE-00070,void,69.48,BRL,2025-12-08T18:52:23,approved,TXN-00156,13.78
TXN-00158,RIDE-00071,authorization,26203.38,COP,2026-02-04T13:21:33,approved,,6.62
TXN-00159,RIDE-00071,void,26203.38,COP,2026-02-04T13:48:33,approved,TXN-00158,6.62
TXN-00160,RIDE-00072,authorization,346.12,MXN,2026-01-25T07:26:23,approved,,19.99
TXN-00161,RIDE-00072,capture,322.34,MXN,2026-01-25T07:41:23,approved,TXN-00160,18.62
TXN-00162,RIDE-00072,refund,191.95,MXN,2026-01-27T13:41:23,approved,,11.12
TXN-00163,RIDE-00073,authorization,650.0,MXN,2025-12-08T23:04:06,approved,,37.49
TXN-00164,RIDE-00073,capture,647.59,MXN,2025-12-08T23:38:06,approved,TXN-00163,37.35
TXN-00165,RIDE-00074,authorization,26790.29,COP,2025-12-31T17:13:42,approved,,6.53
TXN-00166,RIDE-00074,void,26790.29,COP,2025-12-31T17:31:42,approved,TXN-00165,6.53
TXN-00167,RIDE-00075,authorization,40914.85,COP,2025-12-31T12:08:05,approved,,9.97
TXN-00168,RIDE-00075,capture,34245.25,COP,2025-12-31T12:36:05,approved,TXN-00167,8.35
TXN-00169,RIDE-00076,authorization,172.69,MXN,2026-02-01T16:07:33,approved,,9.91
TXN-00170,RIDE-00076,capture,161.16,MXN,2026-02-01T16:22:33,approved,TXN-00169,9.25
TXN-00171,RIDE-00076,refund,161.16,MXN,2026-02-06T01:22:33,approved,TXN-00170,9.25
TXN-00172,RIDE-00077,authorization,127.21,BRL,2025-12-08T01:02:15,approved,,25.23
TXN-00173,RIDE-00077,capture,59.89,BRL,2025-12-08T01:33:15,approved,TXN-00172,11.88
TXN-00174,RIDE-00078,authorization,71.39,BRL,2025-12-10T16:58:23,approved,,14.28
TXN-00175,RIDE-00078,capture,67.29,BRL,2025-12-10T17:16:23,approved,TXN-00174,13.46
TXN-00176,RIDE-00079,authorization,29214.56,COP,2025-12-13T20:38:46,approved,,7.19
TXN-00177,RIDE-00079,void,29214.56,COP,2025-12-13T20:59:46,approved,TXN-00176,7.19
TXN-00178,RIDE-00080,authorization,109.9,BRL,2026-01-05T21:03:37,approved,,22.59
TXN-00179,RIDE-00080,capture,102.71,BRL,2026-01-05T21:25:37,approved,TXN-00178,21.11
TXN-00180,RIDE-00081,authorization,93.62,BRL,2026-02-07T07:22:00,approved,,18.31
TXN-00181,RIDE-00081,capture,97.93,BRL,2026-02-07T07:56:00,approved,TXN-00180,17.66
TXN-00182,RIDE-00082,authorization,260.44,MXN,2026-02-18T08:00:26,approved,,14.81
TXN-00183,RIDE-00082,capture,245.39,MXN,2026-02-18T08:39:26,approved,TXN-00182,13.95
TXN-00184,RIDE-00082,refund,107.77,MXN,2026-02-20T15:39:26,approved,TXN-00183,6.13
TXN-00185,RIDE-00083,authorization,140.06,BRL,2025-12-14T00:55:15,approved,,28.43
TXN-00186,RIDE-00083,capture,145.78,BRL,2025-12-14T01:32:15,approved,TXN-00185,29.59
TXN-00187,RIDE-00084,authorization,19530.16,COP,2025-12-16T02:13:11,approved,,4.81
TXN-00188,RIDE-00084,capture,19921.43,COP,2025-12-16T02:37:11,approved,TXN-00187,4.9
TXN-00189,RIDE-00085,authorization,455.98,MXN,2026-01-03T07:00:08,approved,,26.57
TXN-00190,RIDE-00085,capture,438.69,MXN,2026-01-03T07:39:08,approved,TXN-00189,25.56
TXN-00191,RIDE-00085,authorization,455.98,MXN,2026-01-03T07:00:13,approved,,26.57
TXN-00192,RIDE-00085,authorization,455.98,MXN,2026-01-03T07:00:23,approved,,26.57
TXN-00193,RIDE-00086,authorization,19943.26,COP,2025-12-25T09:11:17,approved,,4.85
TXN-00194,RIDE-00086,void,19943.26,COP,2025-12-25T09:34:17,approved,TXN-00193,4.85
TXN-00195,RIDE-00087,authorization,355.96,MXN,2026-01-11T03:00:11,approved,,20.85
TXN-00196,RIDE-00087,capture,340.84,MXN,2026-01-11T03:17:11,approved,TXN-00195,19.96
TXN-00197,RIDE-00088,authorization,336.21,MXN,2026-02-13T20:51:16,approved,,19.29
TXN-00198,RIDE-00088,capture,332.59,MXN,2026-02-13T21:17:16,approved,TXN-00197,19.08
TXN-00199,RIDE-00089,authorization,189.66,MXN,2026-01-12T21:34:04,approved,,11.14
TXN-00200,RIDE-00089,capture,182.79,MXN,2026-01-12T22:05:04,approved,TXN-00199,12.54
TXN-00201,RIDE-00090,authorization,74426.26,COP,2025-12-11T20:43:06,approved,,18.21
TXN-00202,RIDE-00090,capture,70935.91,COP,2025-12-11T21:01:06,approved,TXN-00201,17.35
TXN-00203,RIDE-00091,authorization,33724.23,COP,2026-02-20T00:44:50,approved,,8.52
TXN-00204,RIDE-00091,capture,34359.24,COP,2026-02-20T01:14:50,approved,TXN-00203,8.68
TXN-00205,RIDE-00092,authorization,100.98,MXN,2025-12-13T08:59:10,approved,,5.85
TXN-00206,RIDE-00092,capture,97.48,MXN,2025-12-13T09:33:10,approved,TXN-00205,7.48
TXN-00207,RIDE-00093,authorization,64.45,BRL,2026-02-16T07:07:57,approved,,12.59
TXN-00208,RIDE-00093,capture,66.25,BRL,2026-02-16T07:49:57,approved,TXN-00207,12.94
TXN-00209,RIDE-00093,refund,66.25,BRL,2026-02-17T07:05:57,approved,TXN-00208,13.1
TXN-00210,RIDE-00094,authorization,115.58,BRL,2025-12-21T09:30:49,approved,,23.53
TXN-00211,RIDE-00094,capture,120.43,BRL,2025-12-21T09:51:49,approved,TXN-00210,24.51
TXN-00212,RIDE-00095,authorization,256.92,MXN,2026-01-24T08:39:23,approved,,14.86
TXN-00213,RIDE-00095,void,256.92,MXN,2026-01-24T09:00:23,approved,TXN-00212,14.86
TXN-00214,RIDE-00096,authorization,172.13,BRL,2026-02-11T18:25:33,approved,,32.66
TXN-00215,RIDE-00096,capture,161.49,BRL,2026-02-11T18:47:33,approved,TXN-00214,30.64
TXN-00216,RIDE-00097,authorization,109.02,BRL,2026-02-16T15:52:18,approved,,21.29
TXN-00217,RIDE-00097,capture,103.16,BRL,2026-02-16T16:36:18,approved,TXN-00216,20.15
TXN-00218,RIDE-00098,authorization,423.26,MXN,2026-02-10T12:19:10,approved,,24.28
TXN-00219,RIDE-00098,void,423.26,MXN,2026-02-10T12:45:10,approved,TXN-00218,24.28
TXN-00220,RIDE-00099,authorization,77.78,BRL,2026-02-22T21:25:54,approved,,15.04
TXN-00221,RIDE-00099,capture,75.19,BRL,2026-02-22T22:07:54,approved,TXN-00220,14.54
TXN-00222,RIDE-00100,authorization,633.57,MXN,2026-02-15T10:44:56,approved,,36.3
TXN-00223,RIDE-00100,capture,619.05,MXN,2026-02-15T11:15:56,approved,TXN-00222,35.47
TXN-00224,RIDE-00101,authorization,78.28,BRL,2026-02-22T08:42:02,approved,,15.14
TXN-00225,RIDE-00101,capture,76.73,BRL,2026-02-22T08:56:02,approved,TXN-00224,14.84
TXN-00226,RIDE-00102,authorization,96.89,BRL,2026-01-14T16:35:03,approved,,19.43
TXN-00227,RIDE-00102,capture,92.06,BRL,2026-01-14T17:19:03,approved,TXN-00226,18.46
TXN-00228,RIDE-00103,authorization,650.0,MXN,2026-02-03T02:00:19,approved,,37.44
TXN-00229,RIDE-00103,capture,630.44,MXN,2026-02-03T02:14:19,approved,TXN-00228,36.31
TXN-00230,RIDE-00104,authorization,390.95,MXN,2025-12-07T17:45:43,approved,,22.53
TXN-00231,RIDE-00104,capture,365.62,MXN,2025-12-07T18:18:43,approved,TXN-00230,21.07
TXN-00232,RIDE-00104,refund,365.62,MXN,2025-12-09T17:45:43,approved,TXN-00231,21.12
TXN-00233,RIDE-00105,authorization,510.91,MXN,2026-01-19T11:02:04,approved,,29.92
TXN-00234,RIDE-00105,capture,511.73,MXN,2026-01-19T11:41:04,approved,TXN-00233,29.96
TXN-00235,RIDE-00106,authorization,411.58,MXN,2025-12-03T16:19:50,approved,,23.67
TXN-00236,RIDE-00106,capture,411.83,MXN,2025-12-03T17:02:50,approved,TXN-00235,23.69
TXN-00237,RIDE-00107,authorization,282.34,MXN,2025-12-26T18:34:53,approved,,16.44
TXN-00239,RIDE-00108,authorization,35765.44,COP,2026-02-09T17:37:58,approved,,9.01
TXN-00241,RIDE-00109,authorization,29421.93,COP,2026-01-19T15:42:07,approved,,7.29
TXN-00242,RIDE-00109,capture,27196.43,COP,2026-01-19T16:15:07,approved,TXN-00241,6.74
TXN-00243,RIDE-00109,refund,31940.93,COP,2026-01-28T03:15:07,approved,TXN-00242,7.91
TXN-00244,RIDE-00110,authorization,441.53,MXN,2025-12-05T07:26:41,approved,,25.34
TXN-00245,RIDE-00110,capture,425.84,MXN,2025-12-05T07:52:41,approved,TXN-00244,24.44
TXN-00246,RIDE-00110,refund,458.36,MXN,2025-12-11T19:52:41,approved,TXN-00245,26.5
TXN-00247,RIDE-00111,authorization,53169.96,COP,2026-02-17T07:20:23,approved,,13.29
TXN-00248,RIDE-00111,capture,49681.06,COP,2026-02-17T07:56:23,approved,TXN-00247,12.42
TXN-00249,RIDE-00112,authorization,303.64,MXN,2025-12-07T19:04:02,approved,,17.5
TXN-00250,RIDE-00112,void,303.64,MXN,2025-12-07T19:09:02,approved,TXN-00249,17.5
TXN-00251,RIDE-00113,authorization,27585.23,COP,2026-02-03T09:48:17,approved,,6.94
TXN-00252,RIDE-00113,capture,26200.53,COP,2026-02-03T10:16:17,approved,TXN-00251,6.59
TXN-00253,RIDE-00114,authorization,69509.64,COP,2026-02-03T17:58:23,approved,,17.49
TXN-00254,RIDE-00114,capture,70219.56,COP,2026-02-03T18:39:23,approved,TXN-00253,17.67
TXN-00255,RIDE-00115,authorization,85000.0,COP,2026-01-23T19:52:28,approved,,21.06
TXN-00256,RIDE-00115,capture,80982.38,COP,2026-01-23T20:17:28,approved,TXN-00255,20.06
TXN-00257,RIDE-00116,authorization,18491.34,COP,2026-01-06T19:30:21,approved,,4.52
TXN-00258,RIDE-00116,capture,18122.64,COP,2026-01-06T20:07:21,approved,TXN-00257,4.43
TXN-00259,RIDE-00117,authorization,85000.0,COP,2025-12-30T05:17:50,approved,,20.82
TXN-00260,RIDE-00117,capture,79894.53,COP,2025-12-30T06:00:50,approved,TXN-00259,19.57
TXN-00261,RIDE-00118,authorization,650.0,MXN,2025-12-21T09:47:40,approved,,37.72
TXN-00262,RIDE-00118,capture,599.53,MXN,2025-12-21T10:12:40,approved,TXN-00261,34.79
TXN-00263,RIDE-00119,authorization,48003.46,COP,2026-01-01T06:54:42,approved,,11.73
TXN-00265,RIDE-00120,authorization,57235.09,COP,2026-01-19T15:09:18,approved,,14.19
TXN-00266,RIDE-00120,capture,57918.54,COP,2026-01-19T15:30:18,approved,TXN-00265,11.41
TXN-00267,RIDE-00121,authorization,50330.16,COP,2025-12-28T13:17:12,approved,,12.27
TXN-00268,RIDE-00121,capture,50074.36,COP,2025-12-28T13:38:12,approved,TXN-00267,12.2
TXN-00269,RIDE-00121,authorization,51302.85,COP,2025-12-28T13:17:17,approved,,12.5
TXN-00270,RIDE-00122,authorization,650.0,MXN,2026-02-18T11:04:53,approved,,36.96
TXN-00271,RIDE-00122,capture,676.95,MXN,2026-02-18T11:23:53,approved,TXN-00270,38.49
TXN-00272,RIDE-00122,refund,676.95,MXN,2026-02-23T11:03:53,approved,TXN-00271,38.25
TXN-00273,RIDE-00123,authorization,34850.05,COP,2025-12-22T19:29:02,approved,,8.6
TXN-00275,RIDE-00124,authorization,357.32,MXN,2025-12-24T18:31:28,approved,,20.86
TXN-00276,RIDE-00124,capture,356.2,MXN,2025-12-24T19:10:28,approved,TXN-00275,20.79
TXN-00277,RIDE-00124,refund,356.2,MXN,2025-12-29T18:31:28,approved,TXN-00276,20.76
TXN-00278,RIDE-00125,authorization,165.91,BRL,2025-12-08T01:43:07,approved,,32.91
TXN-00279,RIDE-00125,capture,153.82,BRL,2025-12-08T02:22:07,approved,TXN-00278,30.51
TXN-00280,RIDE-00125,authorization,164.72,BRL,2025-12-08T01:43:09,approved,,32.67
TXN-00281,RIDE-00126,authorization,209.5,MXN,2026-02-06T14:37:22,approved,,12.03
TXN-00283,RIDE-00127,authorization,151.92,MXN,2026-02-02T16:43:33,approved,,8.76
TXN-00285,RIDE-00128,authorization,81.16,BRL,2025-12-22T05:58:12,approved,,16.39
TXN-00286,RIDE-00128,capture,77.04,BRL,2025-12-22T06:36:12,approved,TXN-00285,13.71
TXN-00287,RIDE-00129,authorization,85000.0,COP,2026-01-24T02:51:58,approved,,21.15
TXN-00288,RIDE-00129,capture,79756.47,COP,2026-01-24T03:16:58,approved,TXN-00287,19.84
TXN-00289,RIDE-00130,authorization,11683.99,COP,2026-02-16T19:26:09,approved,,2.93
TXN-00290,RIDE-00130,capture,12138.85,COP,2026-02-16T19:43:09,approved,TXN-00289,3.04
TXN-00291,RIDE-00131,authorization,93.43,BRL,2026-01-27T19:30:16,approved,,18.78
TXN-00292,RIDE-00131,capture,76.47,BRL,2026-01-27T20:15:16,approved,TXN-00291,15.37
TXN-00293,RIDE-00132,authorization,39339.07,COP,2026-02-08T20:02:47,approved,,9.97
TXN-00294,RIDE-00132,void,39339.07,COP,2026-02-08T20:09:47,approved,TXN-00293,9.97
TXN-00295,RIDE-00133,authorization,55.21,BRL,2026-01-23T04:38:03,approved,,11.25
TXN-00296,RIDE-00133,capture,54.4,BRL,2026-01-23T04:55:03,approved,TXN-00295,10.7
TXN-00297,RIDE-00134,authorization,45314.5,COP,2026-01-16T02:06:17,approved,,11.22
TXN-00298,RIDE-00134,capture,42925.87,COP,2026-01-16T02:36:17,approved,TXN-00297,10.63
TXN-00299,RIDE-00135,authorization,94.85,BRL,2025-12-27T22:12:56,approved,,19.3
TXN-00300,RIDE-00135,capture,89.79,BRL,2025-12-27T22:38:56,approved,TXN-00299,18.27
TXN-00301,RIDE-00136,authorization,44269.05,COP,2025-12-24T05:28:59,approved,,10.85
TXN-00302,RIDE-00136,capture,43978.17,COP,2025-12-24T05:43:59,approved,TXN-00301,10.78
TXN-00303,RIDE-00137,authorization,34293.3,COP,2025-12-23T18:24:34,approved,,8.42
TXN-00304,RIDE-00137,capture,35007.24,COP,2025-12-23T18:50:34,approved,TXN-00303,8.59
TXN-00305,RIDE-00138,authorization,25.5,BRL,2025-12-08T19:47:34,approved,,5.06
TXN-00306,RIDE-00138,capture,24.79,BRL,2025-12-08T20:02:34,approved,TXN-00305,4.92
TXN-00307,RIDE-00139,authorization,599.75,MXN,2025-12-15T20:05:43,approved,,34.75
TXN-00308,RIDE-00139,capture,563.87,MXN,2025-12-15T20:37:43,approved,TXN-00307,32.67
TXN-00309,RIDE-00140,authorization,22262.57,COP,2026-01-02T03:01:34,approved,,5.43
TXN-00310,RIDE-00140,capture,22345.39,COP,2026-01-02T03:42:34,approved,TXN-00309,5.45
TXN-00311,RIDE-00140,refund,10211.82,COP,2026-01-04T10:42:34,approved,TXN-00310,2.52
TXN-00312,RIDE-00141,authorization,235.53,MXN,2026-02-19T20:46:37,approved,,13.42
TXN-00313,RIDE-00141,capture,217.46,MXN,2026-02-19T21:24:37,approved,TXN-00312,15.78
TXN-00314,RIDE-00142,authorization,153.27,BRL,2025-12-02T21:32:45,approved,,29.98
TXN-00315,RIDE-00142,void,153.27,BRL,2025-12-02T21:51:45,approved,TXN-00314,29.98
TXN-00316,RIDE-00143,authorization,650.0,MXN,2025-12-01T13:44:19,approved,,37.73
TXN-00317,RIDE-00143,void,650.0,MXN,2025-12-01T14:10:19,approved,TXN-00316,37.73
TXN-00318,RIDE-00144,authorization,73.85,BRL,2026-02-21T20:41:40,approved,,14.36
TXN-00319,RIDE-00144,void,73.85,BRL,2026-02-21T20:50:40,approved,TXN-00318,14.36
TXN-00320,RIDE-00145,authorization,57474.98,COP,2026-02-10T07:49:17,approved,,14.5
TXN-00321,RIDE-00145,capture,53619.98,COP,2026-02-10T08:12:17,approved,TXN-00320,13.53
TXN-00322,RIDE-00146,authorization,136.98,BRL,2026-01-17T09:40:25,approved,,27.46
TXN-00323,RIDE-00146,capture,140.81,BRL,2026-01-17T10:02:25,approved,TXN-00322,28.23
TXN-00324,RIDE-00146,refund,140.81,BRL,2026-01-20T13:02:25,approved,TXN-00323,28.5
TXN-00325,RIDE-00147,authorization,56193.11,COP,2026-01-07T18:07:10,approved,,13.73
TXN-00326,RIDE-00147,capture,56578.09,COP,2026-01-07T18:30:10,approved,TXN-00325,15.99
TXN-00327,RIDE-00148,authorization,60534.48,COP,2026-02-20T14:32:12,approved,,15.28
TXN-00328,RIDE-00148,capture,55794.04,COP,2026-02-20T14:54:12,approved,TXN-00327,14.09
TXN-00329,RIDE-00148,authorization,60534.48,COP,2026-02-20T14:32:17,approved,,15.28
TXN-00330,RIDE-00148,authorization,60534.48,COP,2026-02-20T14:32:27,approved,,15.28
TXN-00331,RIDE-00149,authorization,82.23,BRL,2026-01-21T20:37:53,approved,,16.72
TXN-00332,RIDE-00149,capture,77.87,BRL,2026-01-21T21:10:53,approved,TXN-00331,15.83
TXN-00333,RIDE-00149,authorization,82.23,BRL,2026-01-21T20:38:27,approved,,16.72
TXN-00334,RIDE-00150,authorization,52970.17,COP,2026-02-03T08:54:05,approved,,13.33
TXN-00335,RIDE-00150,capture,51634.54,COP,2026-02-03T09:23:05,approved,TXN-00334,12.99
TXN-00336,RIDE-00151,authorization,185.9,MXN,2026-01-14T19:50:07,approved,,10.97
TXN-00337,RIDE-00151,capture,190.78,MXN,2026-01-14T20:09:07,approved,TXN-00336,11.26
TXN-00338,RIDE-00152,authorization,244.35,MXN,2025-12-21T13:13:15,approved,,14.18
TXN-00339,RIDE-00152,capture,243.55,MXN,2025-12-21T13:27:15,approved,TXN-00338,14.13
TXN-00340,RIDE-00153,authorization,47.47,BRL,2026-01-06T19:26:41,approved,,9.87
TXN-00341,RIDE-00153,capture,47.52,BRL,2026-01-06T19:50:41,approved,TXN-00340,9.88
TXN-00342,RIDE-00154,authorization,122.71,MXN,2025-12-08T22:53:19,approved,,7.08
TXN-00343,RIDE-00154,capture,117.59,MXN,2025-12-08T23:18:19,approved,TXN-00342,6.78
TXN-00344,RIDE-00154,authorization,122.71,MXN,2025-12-08T22:53:24,approved,,7.08
TXN-00345,RIDE-00154,authorization,122.71,MXN,2025-12-08T22:53:34,approved,,7.08
TXN-00346,RIDE-00155,authorization,650.0,MXN,2026-01-03T23:29:00,approved,,37.87
TXN-00347,RIDE-00155,capture,662.52,MXN,2026-01-03T23:57:00,approved,TXN-00346,38.6
TXN-00348,RIDE-00156,authorization,94.21,BRL,2026-02-02T06:42:54,approved,,18.67
TXN-00349,RIDE-00156,capture,97.63,BRL,2026-02-02T07:09:54,approved,TXN-00348,19.35
TXN-00350,RIDE-00157,authorization,166.67,BRL,2025-12-20T08:34:38,approved,,33.7
TXN-00351,RIDE-00157,capture,162.55,BRL,2025-12-20T09:06:38,approved,TXN-00350,32.87
TXN-00352,RIDE-00158,authorization,405.32,MXN,2025-12-13T06:06:58,approved,,23.49
TXN-00353,RIDE-00158,capture,406.27,MXN,2025-12-13T06:30:58,approved,TXN-00352,23.55
TXN-00354,RIDE-00159,authorization,19136.13,COP,2025-12-22T03:54:39,approved,,4.72
TXN-00355,RIDE-00159,capture,29001.66,COP,2025-12-22T04:27:39,approved,TXN-00354,7.16
TXN-00356,RIDE-00160,authorization,96.89,BRL,2025-12-17T06:59:37,approved,,19.68
TXN-00357,RIDE-00160,capture,91.3,BRL,2025-12-17T07:23:37,approved,TXN-00356,18.54
TXN-00358,RIDE-00161,authorization,114.22,BRL,2025-12-16T21:36:07,approved,,23.24
TXN-00359,RIDE-00161,capture,105.36,BRL,2025-12-16T22:21:07,approved,TXN-00358,21.44
TXN-00360,RIDE-00161,refund,105.36,BRL,2025-12-20T21:36:07,approved,TXN-00359,21.3
TXN-00361,RIDE-00162,authorization,49629.49,COP,2025-12-31T06:55:47,approved,,12.1
TXN-00362,RIDE-00162,capture,47427.29,COP,2025-12-31T07:18:47,approved,TXN-00361,10.28
TXN-00363,RIDE-00163,authorization,213.06,MXN,2026-02-08T10:08:18,approved,,12.27
TXN-00364,RIDE-00163,capture,214.06,MXN,2026-02-08T10:46:18,approved,TXN-00363,12.32
TXN-00365,RIDE-00164,authorization,51145.65,COP,2026-01-30T21:34:50,approved,,12.74
TXN-00366,RIDE-00164,capture,51046.8,COP,2026-01-30T21:59:50,approved,TXN-00365,12.72
TXN-00367,RIDE-00164,authorization,52059.87,COP,2026-01-30T21:34:58,approved,,12.97
TXN-00368,RIDE-00165,authorization,156.91,BRL,2026-01-28T07:04:37,approved,,31.54
TXN-00370,RIDE-00166,authorization,38.24,BRL,2026-01-03T17:02:36,approved,,7.86
TXN-00371,RIDE-00166,capture,37.76,BRL,2026-01-03T17:46:36,approved,TXN-00370,7.76
TXN-00372,RIDE-00167,authorization,183.27,MXN,2026-02-01T20:55:06,approved,,10.51
TXN-00373,RIDE-00167,capture,172.57,MXN,2026-02-01T21:14:06,approved,TXN-00372,9.9
TXN-00374,RIDE-00167,refund,172.57,MXN,2026-02-07T00:14:06,approved,TXN-00373,9.95
TXN-00375,RIDE-00168,authorization,105.4,BRL,2025-12-11T05:57:24,approved,,21.09
TXN-00376,RIDE-00168,capture,100.33,BRL,2025-12-11T06:10:24,approved,TXN-00375,20.08
TXN-00377,RIDE-00169,authorization,30844.89,COP,2026-02-19T11:03:40,approved,,7.74
TXN-00378,RIDE-00169,capture,46641.36,COP,2026-02-19T11:30:40,approved,TXN-00377,11.71
TXN-00379,RIDE-00170,authorization,27625.13,COP,2026-02-10T05:53:01,approved,,6.97
TXN-00380,RIDE-00170,capture,27449.23,COP,2026-02-10T06:32:01,approved,TXN-00379,6.93
TXN-00381,RIDE-00170,refund,15770.32,COP,2026-02-11T13:32:01,approved,TXN-00380,3.98
TXN-00382,RIDE-00171,authorization,76209.29,COP,2026-01-22T06:02:01,approved,,18.79
TXN-00383,RIDE-00171,capture,76687.67,COP,2026-01-22T06:37:01,approved,TXN-00382,18.91
TXN-00384,RIDE-00172,authorization,29296.96,COP,2026-02-09T23:25:52,approved,,7.38
TXN-00385,RIDE-00172,capture,27071.97,COP,2026-02-09T23:46:52,approved,TXN-00384,6.82
TXN-00386,RIDE-00173,authorization,136.25,BRL,2026-02-19T15:45:36,approved,,26.72
TXN-00387,RIDE-00173,void,136.25,BRL,2026-02-19T16:10:36,approved,TXN-00386,26.72
TXN-00388,RIDE-00174,authorization,180.0,BRL,2025-12-24T16:14:34,approved,,35.93
TXN-00389,RIDE-00174,capture,173.42,BRL,2025-12-24T16:51:34,approved,TXN-00388,34.62
TXN-00390,RIDE-00175,authorization,42889.74,COP,2026-01-06T19:07:32,approved,,10.48
TXN-00391,RIDE-00175,capture,33965.61,COP,2026-01-06T19:46:32,approved,TXN-00390,8.3
TXN-00392,RIDE-00176,authorization,94.34,BRL,2025-12-18T15:45:03,approved,,19.09
TXN-00393,RIDE-00176,capture,95.24,BRL,2025-12-18T16:13:03,approved,TXN-00392,19.27
TXN-00394,RIDE-00177,authorization,180.0,BRL,2026-01-03T01:04:49,approved,,36.99
TXN-00395,RIDE-00177,capture,171.37,BRL,2026-01-03T01:29:49,approved,TXN-00394,35.22
TXN-00396,RIDE-00178,authorization,61735.95,COP,2025-12-27T19:47:08,approved,,15.16
TXN-00397,RIDE-00178,capture,58981.22,COP,2025-12-27T20:16:08,approved,TXN-00396,14.48
TXN-00398,RIDE-00179,authorization,156.12,BRL,2025-12-09T07:31:33,approved,,31.18
TXN-00399,RIDE-00179,capture,150.96,BRL,2025-12-09T07:57:33,approved,TXN-00398,30.15
TXN-00400,RIDE-00179,authorization,156.12,BRL,2025-12-09T07:32:13,approved,,31.18
TXN-00401,RIDE-00180,authorization,43356.03,COP,2026-02-12T14:40:06,approved,,10.83
TXN-00402,RIDE-00180,capture,40931.01,COP,2026-02-12T15:16:06,approved,TXN-00401,10.22
TXN-00403,RIDE-00181,authorization,61374.75,COP,2026-01-17T15:43:47,approved,,15.31
TXN-00404,RIDE-00181,capture,63429.76,COP,2026-01-17T16:15:47,approved,TXN-00403,15.83
TXN-00405,RIDE-00182,authorization,459.74,MXN,2025-12-22T12:23:25,approved,,26.78
TXN-00407,RIDE-00183,authorization,596.55,MXN,2026-01-26T11:07:21,approved,,34.48
TXN-00408,RIDE-00183,capture,568.19,MXN,2026-01-26T11:25:21,approved,TXN-00407,32.84
TXN-00409,RIDE-00184,authorization,55783.14,COP,2026-01-11T07:29:44,approved,,13.56
TXN-00410,RIDE-00184,capture,52629.99,COP,2026-01-11T08:05:44,approved,TXN-00409,12.79
TXN-00411,RIDE-00184,refund,52629.99,COP,2026-01-14T07:29:44,approved,TXN-00410,12.9
TXN-00412,RIDE-00185,authorization,385.53,MXN,2026-02-07T05:46:14,approved,,22.23
TXN-00413,RIDE-00185,capture,400.57,MXN,2026-02-07T06:21:14,approved,TXN-00412,23.1
TXN-00414,RIDE-00186,authorization,202.4,MXN,2025-12-12T17:10:54,approved,,11.74
TXN-00415,RIDE-00186,capture,210.53,MXN,2025-12-12T17:24:54,approved,TXN-00414,12.21
TXN-00416,RIDE-00187,authorization,588.36,MXN,2026-01-22T00:41:12,approved,,34.21
TXN-00417,RIDE-00187,capture,613.52,MXN,2026-01-22T01:14:12,approved,TXN-00416,35.67
TXN-00418,RIDE-00187,refund,613.52,MXN,2026-01-26T00:39:12,approved,TXN-00417,35.46
TXN-00419,RIDE-00188,authorization,352.46,MXN,2026-02-10T17:05:24,approved,,20.22
TXN-00420,RIDE-00188,capture,338.88,MXN,2026-02-10T17:49:24,approved,TXN-00419,19.44
TXN-00421,RIDE-00189,authorization,97.44,BRL,2026-01-20T22:30:33,approved,,19.72
TXN-00422,RIDE-00189,capture,90.11,BRL,2026-01-20T22:47:33,approved,TXN-00421,18.24
TXN-00423,RIDE-00190,authorization,77.25,BRL,2025-12-29T18:18:15,approved,,15.68
TXN-00424,RIDE-00190,capture,71.84,BRL,2025-12-29T18:36:15,approved,TXN-00423,15.11
TXN-00425,RIDE-00191,authorization,297.73,MXN,2026-02-07T17:49:09,approved,,17.17
TXN-00426,RIDE-00191,capture,287.07,MXN,2026-02-07T18:14:09,approved,TXN-00425,16.55
TXN-00427,RIDE-00191,refund,146.05,MXN,2026-02-09T00:14:09,approved,TXN-00426,8.39
TXN-00428,RIDE-00192,authorization,316.5,MXN,2025-12-06T07:04:17,approved,,18.19
TXN-00429,RIDE-00192,capture,313.38,MXN,2025-12-06T07:21:17,approved,TXN-00428,18.01
TXN-00430,RIDE-00193,authorization,36118.2,COP,2026-02-12T02:08:58,approved,,9.02
TXN-00431,RIDE-00193,capture,34725.4,COP,2026-02-12T02:35:58,approved,TXN-00430,8.67
TXN-00432,RIDE-00194,authorization,51428.25,COP,2026-01-15T13:46:26,approved,,12.65
TXN-00433,RIDE-00194,capture,48871.48,COP,2026-01-15T14:04:26,approved,TXN-00432,12.02
TXN-00434,RIDE-00195,authorization,542.17,MXN,2025-12-05T23:44:59,approved,,31.11
TXN-00435,RIDE-00195,capture,560.12,MXN,2025-12-06T00:01:59,approved,TXN-00434,32.19
TXN-00436,RIDE-00195,refund,301.33,MXN,2025-12-08T08:01:59,approved,TXN-00435,17.38
TXN-00437,RIDE-00196,authorization,362.1,MXN,2025-12-07T08:17:40,approved,,20.87
TXN-00438,RIDE-00196,capture,377.34,MXN,2025-12-07T08:45:40,approved,TXN-00437,21.75
TXN-00439,RIDE-00197,authorization,76661.73,COP,2026-02-05T15:33:48,approved,,19.49
TXN-00440,RIDE-00197,capture,80474.23,COP,2026-02-05T16:02:48,approved,TXN-00439,20.46
TXN-00441,RIDE-00198,authorization,74.12,BRL,2025-12-30T11:59:17,approved,,15.0
TXN-00443,RIDE-00199,authorization,650.0,MXN,2026-02-13T05:18:56,approved,,37.28
TXN-00444,RIDE-00199,capture,671.83,MXN,2026-02-13T05:53:56,approved,TXN-00443,38.54
TXN-00445,RIDE-00199,authorization,650.0,MXN,2026-02-13T05:19:13,approved,,37.28
TXN-00446,RIDE-00200,authorization,76.83,BRL,2025-12-22T21:54:20,approved,,15.51
TXN-00447,RIDE-00200,capture,74.89,BRL,2025-12-22T22:09:20,approved,TXN-00446,15.12
TXN-00448,RIDE-00201,authorization,85000.0,COP,2026-01-12T23:38:52,approved,,20.72
TXN-00449,RIDE-00201,capture,69601.48,COP,2026-01-12T23:54:52,approved,TXN-00448,16.96
TXN-00450,RIDE-00202,authorization,49.01,BRL,2025-12-30T15:37:15,approved,,9.92
TXN-00451,RIDE-00202,capture,46.98,BRL,2025-12-30T15:53:15,approved,TXN-00450,9.51
TXN-00452,RIDE-00203,authorization,28426.92,COP,2026-02-10T20:33:59,approved,,7.17
TXN-00453,RIDE-00203,capture,26308.32,COP,2026-02-10T21:11:59,approved,TXN-00452,6.64
TXN-00454,RIDE-00204,authorization,44226.32,COP,2025-12-26T16:40:12,approved,,10.75
TXN-00455,RIDE-00204,capture,42897.87,COP,2025-12-26T17:24:12,approved,TXN-00454,10.43
TXN-00456,RIDE-00205,authorization,390.67,MXN,2026-01-23T14:16:06,approved,,22.67
TXN-00457,RIDE-00205,capture,370.5,MXN,2026-01-23T14:36:06,approved,TXN-00456,21.5
TXN-00458,RIDE-00206,authorization,73613.15,COP,2026-02-05T22:23:04,approved,,18.71
TXN-00459,RIDE-00206,capture,76764.91,COP,2026-02-05T22:41:04,approved,TXN-00458,19.52
TXN-00460,RIDE-00207,authorization,312.24,MXN,2025-12-28T23:21:58,approved,,18.16
TXN-00461,RIDE-00207,capture,312.16,MXN,2025-12-28T23:39:58,approved,TXN-00460,18.15
TXN-00462,RIDE-00208,authorization,377.66,MXN,2025-12-23T15:56:00,approved,,22.0
TXN-00463,RIDE-00208,void,377.66,MXN,2025-12-23T16:17:00,approved,TXN-00462,22.0
TXN-00464,RIDE-00209,authorization,57563.47,COP,2025-12-20T04:58:07,approved,,14.25
TXN-00465,RIDE-00209,capture,54684.55,COP,2025-12-20T05:42:07,approved,TXN-00464,13.54
TXN-00466,RIDE-00209,refund,54684.55,COP,2025-12-24T16:42:07,approved,,13.4
TXN-00467,RIDE-00210,authorization,254.47,MXN,2025-12-15T11:12:13,approved,,14.74
TXN-00468,RIDE-00210,void,254.47,MXN,2025-12-15T11:36:13,approved,TXN-00467,14.74
TXN-00469,RIDE-00211,authorization,263.23,MXN,2025-12-17T02:38:41,approved,,15.27
TXN-00470,RIDE-00211,capture,244.15,MXN,2025-12-17T03:04:41,approved,TXN-00469,14.16
TXN-00471,RIDE-00212,authorization,85000.0,COP,2026-01-25T06:20:54,approved,,21.06
TXN-00472,RIDE-00212,void,85000.0,COP,2026-01-25T06:48:54,approved,TXN-00471,21.06
TXN-00473,RIDE-00213,authorization,261.23,MXN,2026-02-05T20:46:09,approved,,15.03
TXN-00474,RIDE-00213,capture,268.04,MXN,2026-02-05T21:27:09,approved,TXN-00473,15.42
TXN-00475,RIDE-00214,authorization,106.25,BRL,2026-01-18T14:11:04,approved,,21.46
TXN-00477,RIDE-00215,authorization,162.86,MXN,2025-12-04T20:54:56,approved,,9.35
TXN-00478,RIDE-00215,void,162.86,MXN,2025-12-04T21:10:56,approved,TXN-00477,9.35
TXN-00479,RIDE-00216,authorization,33124.33,COP,2025-12-03T12:17:10,approved,,7.97
TXN-00480,RIDE-00216,capture,34301.48,COP,2025-12-03T12:31:10,approved,TXN-00479,8.25
TXN-00481,RIDE-00217,authorization,37070.14,COP,2025-12-03T00:22:25,approved,,8.92
TXN-00482,RIDE-00217,capture,38259.22,COP,2025-12-03T00:41:25,approved,TXN-00481,9.2
TXN-00483,RIDE-00217,refund,38259.22,COP,2025-12-05T00:20:25,approved,TXN-00482,9.31
TXN-00484,RIDE-00218,authorization,62548.02,COP,2026-02-13T02:11:22,approved,,15.75
TXN-00485,RIDE-00218,capture,58251.49,COP,2026-02-13T02:49:22,approved,TXN-00484,14.67
TXN-00486,RIDE-00219,authorization,85000.0,COP,2026-01-12T22:30:09,approved,,20.72
TXN-00487,RIDE-00219,void,85000.0,COP,2026-01-12T22:58:09,approved,TXN-00486,20.72
TXN-00488,RIDE-00220,authorization,94.42,BRL,2026-01-12T07:41:08,approved,,18.84
TXN-00489,RIDE-00220,capture,87.86,BRL,2026-01-12T08:14:08,approved,TXN-00488,17.53
TXN-00490,RIDE-00221,authorization,180.0,BRL,2026-01-15T15:12:12,approved,,36.17
TXN-00491,RIDE-00221,capture,181.59,BRL,2026-01-15T15:52:12,approved,TXN-00490,36.49
TXN-00492,RIDE-00222,authorization,344.66,MXN,2025-12-11T03:46:07,approved,,19.92
TXN-00493,RIDE-00222,void,344.66,MXN,2025-12-11T03:54:07,approved,TXN-00492,19.92
TXN-00494,RIDE-00223,authorization,81520.88,COP,2026-01-18T02:32:35,approved,,20.26
TXN-00495,RIDE-00223,capture,83738.94,COP,2026-01-18T02:56:35,approved,TXN-00494,20.81
TXN-00496,RIDE-00224,authorization,135.0,BRL,2026-01-23T09:49:04,approved,,27.51
TXN-00497,RIDE-00224,capture,128.89,BRL,2026-01-23T10:18:04,approved,TXN-00496,26.27
TXN-00498,RIDE-00225,authorization,650.0,MXN,2026-01-01T09:16:57,approved,,37.88
TXN-00499,RIDE-00225,capture,665.38,MXN,2026-01-01T09:39:57,approved,TXN-00498,38.78
TXN-00500,RIDE-00226,authorization,144.69,BRL,2026-02-19T02:15:10,approved,,28.37
TXN-00501,RIDE-00226,capture,146.23,BRL,2026-02-19T02:55:10,approved,TXN-00500,28.67
TXN-00502,RIDE-00226,refund,146.23,BRL,2026-02-23T02:13:10,approved,TXN-00501,28.53
TXN-00503,RIDE-00227,authorization,57991.68,COP,2025-12-06T06:20:16,approved,,14.19
TXN-00504,RIDE-00227,capture,36052.49,COP,2025-12-06T07:03:16,approved,TXN-00503,8.82
TXN-00505,RIDE-00228,authorization,41392.65,COP,2026-01-18T09:36:23,approved,,10.29
TXN-00506,RIDE-00228,capture,24492.23,COP,2026-01-18T10:01:23,approved,TXN-00505,6.09
TXN-00507,RIDE-00229,authorization,373.95,MXN,2026-01-23T07:47:28,approved,,21.7
TXN-00508,RIDE-00229,capture,351.85,MXN,2026-01-23T08:28:28,approved,TXN-00507,20.42
TXN-00509,RIDE-00230,authorization,45651.43,COP,2026-02-06T19:03:25,approved,,11.54
TXN-00510,RIDE-00230,capture,42037.21,COP,2026-02-06T19:36:25,approved,TXN-00509,10.63
TXN-00511,RIDE-00230,refund,16103.25,COP,2026-02-09T05:36:25,approved,TXN-00510,4.06
TXN-00512,RIDE-00231,authorization,180.0,BRL,2026-01-29T02:48:25,approved,,35.6
TXN-00513,RIDE-00231,capture,180.04,BRL,2026-01-29T03:05:25,approved,TXN-00512,35.61
TXN-00514,RIDE-00232,authorization,176.06,MXN,2025-12-02T07:52:49,approved,,10.17
TXN-00515,RIDE-00232,capture,176.49,MXN,2025-12-02T08:09:49,approved,TXN-00514,10.2
TXN-00516,RIDE-00232,refund,105.02,MXN,2025-12-03T11:09:49,approved,TXN-00515,6.04
TXN-00517,RIDE-00233,authorization,504.66,MXN,2026-02-20T16:37:02,approved,,28.69
TXN-00518,RIDE-00233,void,504.66,MXN,2026-02-20T16:58:02,approved,TXN-00517,28.69
TXN-00519,RIDE-00234,authorization,108.75,BRL,2026-02-01T21:17:22,approved,,21.66
TXN-00520,RIDE-00234,capture,113.66,BRL,2026-02-01T21:44:22,approved,TXN-00519,22.64
TXN-00521,RIDE-00235,authorization,180.0,BRL,2025-12-29T08:07:12,approved,,36.54
TXN-00522,RIDE-00235,capture,180.4,BRL,2025-12-29T08:24:12,approved,TXN-00521,36.62
TXN-00523,RIDE-00236,authorization,35997.36,COP,2026-01-16T20:20:19,approved,,8.91
TXN-00524,RIDE-00236,capture,34525.98,COP,2026-01-16T20:45:19,approved,TXN-00523,8.55
TXN-00525,RIDE-00236,refund,34525.98,COP,2026-01-20T20:18:19,approved,TXN-00524,8.54
TXN-00526,RIDE-00237,authorization,49585.95,COP,2025-12-15T01:02:24,approved,,12.17
TXN-00527,RIDE-00237,capture,46053.23,COP,2025-12-15T01:32:24,approved,TXN-00526,11.31
TXN-00528,RIDE-00238,authorization,81792.52,COP,2025-12-14T06:07:14,approved,,20.05
TXN-00529,RIDE-00238,void,81792.52,COP,2025-12-14T06:27:14,approved,TXN-00528,20.05
TXN-00530,RIDE-00239,authorization,44.82,BRL,2026-02-21T22:57:30,approved,,8.71
TXN-00531,RIDE-00239,capture,46.91,BRL,2026-02-21T23:39:30,approved,TXN-00530,9.12
TXN-00532,RIDE-00240,authorization,262.78,MXN,2025-12-01T06:00:38,approved,,15.26
TXN-00533,RIDE-00240,capture,267.66,MXN,2025-12-01T06:42:38,approved,TXN-00532,15.54
TXN-00534,RIDE-00241,authorization,115.93,BRL,2026-01-26T07:19:09,approved,,23.35
TXN-00535,RIDE-00241,capture,106.99,BRL,2026-01-26T07:51:09,approved,TXN-00534,21.55
TXN-00536,RIDE-00241,refund,106.99,BRL,2026-01-28T07:19:09,approved,TXN-00535,21.5
TXN-00537,RIDE-00242,authorization,180.0,BRL,2026-01-13T08:32:51,approved,,35.9
TXN-00539,RIDE-00243,authorization,336.26,MXN,2026-02-13T01:37:19,approved,,19.29
TXN-00540,RIDE-00243,capture,321.32,MXN,2026-02-13T01:57:19,approved,TXN-00539,18.43
TXN-00541,RIDE-00244,authorization,46.54,BRL,2025-12-19T07:36:30,approved,,9.47
TXN-00542,RIDE-00244,capture,43.81,BRL,2025-12-19T08:16:30,approved,TXN-00541,8.91
TXN-00543,RIDE-00244,refund,43.81,BRL,2025-12-23T07:35:30,approved,TXN-00542,8.83
TXN-00544,RIDE-00245,authorization,14988.14,COP,2025-12-23T16:16:23,approved,,3.68
TXN-00545,RIDE-00245,void,14988.14,COP,2025-12-23T16:20:23,approved,TXN-00544,3.68
TXN-00546,RIDE-00246,authorization,392.55,MXN,2026-02-11T07:18:19,approved,,22.57
TXN-00547,RIDE-00246,capture,394.55,MXN,2026-02-11T08:02:19,approved,TXN-00546,22.68
TXN-00548,RIDE-00247,authorization,262.1,MXN,2026-02-03T10:30:25,approved,,15.1
TXN-00549,RIDE-00247,capture,273.53,MXN,2026-02-03T11:00:25,approved,TXN-00548,15.75
TXN-00550,RIDE-00248,authorization,62287.64,COP,2025-12-04T14:15:43,approved,,15.01
TXN-00551,RIDE-00248,capture,60703.33,COP,2025-12-04T14:36:43,approved,TXN-00550,14.63
TXN-00552,RIDE-00249,authorization,330.69,MXN,2025-12-10T17:52:59,approved,,19.08
TXN-00553,RIDE-00249,void,330.69,MXN,2025-12-10T18:13:59,approved,TXN-00552,19.08
TXN-00554,RIDE-00250,authorization,339.67,MXN,2026-01-14T08:45:10,approved,,20.04
TXN-00555,RIDE-00250,capture,351.98,MXN,2026-01-14T09:18:10,approved,TXN-00554,20.77
TXN-00556,RIDE-00250,authorization,339.67,MXN,2026-01-14T08:45:46,approved,,20.04
TXN-00557,RIDE-00251,authorization,50822.15,COP,2026-02-02T13:46:03,approved,,12.71
TXN-00558,RIDE-00251,capture,48164.34,COP,2026-02-02T14:13:03,approved,TXN-00557,12.04
TXN-00559,RIDE-00251,refund,48164.34,COP,2026-02-06T13:45:03,approved,TXN-00558,12.18
TXN-00560,RIDE-00252,authorization,24068.23,COP,2025-12-26T17:33:52,approved,,5.85
TXN-00561,RIDE-00252,capture,24847.24,COP,2025-12-26T17:52:52,approved,TXN-00560,6.04
TXN-00562,RIDE-00253,authorization,85000.0,COP,2026-02-21T16:45:25,approved,,21.53
TXN-00563,RIDE-00253,capture,88898.54,COP,2026-02-21T17:18:25,approved,TXN-00562,22.52
TXN-00564,RIDE-00254,authorization,412.46,MXN,2025-12-31T17:52:26,approved,,24.01
TXN-00565,RIDE-00254,capture,420.8,MXN,2025-12-31T18:32:26,approved,TXN-00564,20.47
TXN-00566,RIDE-00255,authorization,120.63,BRL,2025-12-04T11:39:03,approved,,23.73
TXN-00567,RIDE-00255,capture,122.91,BRL,2025-12-04T12:02:03,approved,TXN-00566,23.33
TXN-00568,RIDE-00256,authorization,49646.26,COP,2025-12-28T21:38:29,approved,,12.1
TXN-00569,RIDE-00256,capture,50815.42,COP,2025-12-28T22:17:29,approved,TXN-00568,12.38
TXN-00570,RIDE-00256,refund,50815.42,COP,2026-01-01T21:38:29,approved,TXN-00569,12.41
TXN-00571,RIDE-00257,authorization,64146.17,COP,2025-12-10T13:25:20,approved,,15.84
TXN-00572,RIDE-00257,capture,59992.71,COP,2025-12-10T14:01:20,approved,TXN-00571,12.32
TXN-00573,RIDE-00258,authorization,32087.49,COP,2026-02-06T09:10:23,approved,,8.11
TXN-00574,RIDE-00258,capture,30356.95,COP,2026-02-06T09:39:23,approved,TXN-00573,7.68
TXN-00575,RIDE-00259,authorization,650.0,MXN,2026-02-16T07:08:55,approved,,37.22
TXN-00576,RIDE-00259,capture,603.43,MXN,2026-02-16T07:41:55,approved,TXN-00575,34.55
TXN-00577,RIDE-00260,authorization,529.05,MXN,2025-12-15T03:12:07,approved,,30.65
TXN-00578,RIDE-00260,capture,508.07,MXN,2025-12-15T03:35:07,approved,TXN-00577,22.87
TXN-00579,RIDE-00261,authorization,32471.1,COP,2026-02-15T22:44:15,approved,,8.15
TXN-00581,RIDE-00262,authorization,277.16,MXN,2026-01-07T03:23:34,approved,,16.13
TXN-00582,RIDE-00262,capture,276.61,MXN,2026-01-07T04:02:34,approved,TXN-00581,16.1
TXN-00583,RIDE-00263,authorization,13392.87,COP,2026-01-26T14:53:16,approved,,3.33
TXN-00584,RIDE-00263,capture,13531.45,COP,2026-01-26T15:20:16,approved,TXN-00583,3.37
TXN-00585,RIDE-00263,refund,13531.45,COP,2026-01-30T17:20:16,approved,TXN-00584,3.37
TXN-00586,RIDE-00264,authorization,27748.3,COP,2026-01-14T14:54:36,approved,,6.8
TXN-00587,RIDE-00264,capture,26401.56,COP,2026-01-14T15:31:36,approved,TXN-00586,6.81
TXN-00588,RIDE-00265,authorization,93.74,BRL,2026-01-15T04:08:07,approved,,18.84
TXN-00589,RIDE-00265,void,93.74,BRL,2026-01-15T04:20:07,approved,TXN-00588,18.84
TXN-00590,RIDE-00266,authorization,650.0,MXN,2026-01-12T21:19:17,approved,,38.18
TXN-00591,RIDE-00266,void,650.0,MXN,2026-01-12T21:25:17,approved,TXN-00590,38.18
TXN-00592,RIDE-00267,authorization,538.85,MXN,2026-01-11T04:43:41,approved,,31.56
TXN-00593,RIDE-00267,capture,518.61,MXN,2026-01-11T05:24:41,approved,TXN-00592,30.37
TXN-00594,RIDE-00268,authorization,84.84,BRL,2025-12-20T08:12:33,approved,,17.16
TXN-00595,RIDE-00268,capture,78.42,BRL,2025-12-20T08:51:33,approved,TXN-00594,15.86
TXN-00596,RIDE-00268,refund,78.42,BRL,2025-12-22T08:12:33,approved,TXN-00595,15.83
TXN-00597,RIDE-00269,authorization,247.09,MXN,2026-01-07T00:38:35,approved,,14.38
TXN-00598,RIDE-00269,capture,240.07,MXN,2026-01-07T01:18:35,approved,TXN-00597,13.98
TXN-00599,RIDE-00270,authorization,650.0,MXN,2026-02-06T21:28:18,approved,,37.32
TXN-00600,RIDE-00270,capture,665.65,MXN,2026-02-06T21:59:18,approved,TXN-00599,38.22
TXN-00601,RIDE-00271,authorization,478.75,MXN,2026-01-24T22:44:36,approved,,27.69
TXN-00602,RIDE-00271,void,478.75,MXN,2026-01-24T22:58:36,approved,TXN-00601,27.69
TXN-00603,RIDE-00272,authorization,180.0,BRL,2026-02-11T08:24:37,approved,,34.15
TXN-00604,RIDE-00272,capture,166.34,BRL,2026-02-11T08:56:37,approved,TXN-00603,31.56
TXN-00605,RIDE-00273,authorization,152.42,BRL,2025-12-23T08:14:52,approved,,30.71
TXN-00606,RIDE-00273,capture,141.26,BRL,2025-12-23T08:40:52,approved,TXN-00605,28.46
TXN-00607,RIDE-00274,authorization,492.69,MXN,2025-12-19T11:02:22,approved,,28.52
TXN-00608,RIDE-00274,capture,499.01,MXN,2025-12-19T11:36:22,approved,TXN-00607,28.89
TXN-00609,RIDE-00275,authorization,54784.38,COP,2026-01-30T22:05:00,approved,,13.65
TXN-00610,RIDE-00275,capture,52819.18,COP,2026-01-30T22:45:00,approved,TXN-00609,13.16
TXN-00611,RIDE-00276,authorization,180.0,BRL,2025-12-04T05:44:41,approved,,35.41
TXN-00613,RIDE-00277,authorization,383.59,MXN,2025-12-29T15:39:25,approved,,22.36
TXN-00614,RIDE-00277,capture,379.15,MXN,2025-12-29T16:19:25,approved,TXN-00613,22.1
TXN-00615,RIDE-00278,authorization,250.9,MXN,2025-12-13T19:57:16,approved,,14.54
TXN-00616,RIDE-00278,capture,259.26,MXN,2025-12-13T20:30:16,approved,TXN-00615,15.03
TXN-00617,RIDE-00279,authorization,35329.54,COP,2025-12-27T11:03:05,approved,,8.67
TXN-00618,RIDE-00279,capture,36985.17,COP,2025-12-27T11:34:05,approved,TXN-00617,9.08
TXN-00619,RIDE-00280,authorization,124.68,BRL,2026-01-16T18:48:12,approved,,25.02
TXN-00620,RIDE-00280,capture,125.38,BRL,2026-01-16T19:21:12,approved,TXN-00619,25.16
TXN-00621,RIDE-00280,refund,125.38,BRL,2026-01-21T18:47:12,approved,TXN-00620,25.49
TXN-00622,RIDE-00281,authorization,33778.09,COP,2026-01-02T21:15:49,approved,,8.24
TXN-00623,RIDE-00281,capture,33514.53,COP,2026-01-02T21:40:49,approved,TXN-00622,8.18
TXN-00624,RIDE-00281,refund,36464.68,COP,2026-01-10T02:40:49,approved,TXN-00623,8.89
TXN-00625,RIDE-00282,authorization,97.84,BRL,2025-12-14T16:01:15,approved,,19.86
TXN-00626,RIDE-00282,capture,121.8,BRL,2025-12-14T16:42:15,approved,TXN-00625,24.72
TXN-00627,RIDE-00283,authorization,101.94,BRL,2026-02-09T07:32:50,approved,,19.37
TXN-00628,RIDE-00283,capture,35.71,BRL,2026-02-09T08:17:50,approved,TXN-00627,6.79
TXN-00629,RIDE-00284,authorization,84.41,BRL,2026-02-17T02:49:30,approved,,16.69
TXN-00630,RIDE-00284,capture,87.19,BRL,2026-02-17T03:12:30,approved,TXN-00629,17.24
TXN-00631,RIDE-00284,refund,93.37,BRL,2026-02-23T15:12:30,approved,TXN-00630,18.22
TXN-00632,RIDE-00285,authorization,41.68,BRL,2025-12-02T08:25:58,approved,,8.15
TXN-00633,RIDE-00285,capture,42.37,BRL,2025-12-02T08:44:58,approved,TXN-00632,8.29
TXN-00634,RIDE-00286,authorization,24380.4,COP,2026-02-04T07:50:13,approved,,6.16
TXN-00635,RIDE-00286,capture,25560.28,COP,2026-02-04T08:13:13,approved,TXN-00634,6.46
TXN-00636,RIDE-00287,authorization,21638.52,COP,2026-02-18T20:22:16,approved,,5.43
TXN-00637,RIDE-00287,capture,22346.4,COP,2026-02-18T21:01:16,approved,TXN-00636,5.61
TXN-00638,RIDE-00288,authorization,650.0,MXN,2025-12-23T16:52:40,approved,,37.87
TXN-00639,RIDE-00288,capture,639.12,MXN,2025-12-23T17:17:40,approved,TXN-00638,37.23
TXN-00640,RIDE-00289,authorization,76.32,BRL,2026-01-24T12:11:26,approved,,15.46
TXN-00642,RIDE-00290,authorization,481.51,MXN,2025-12-07T03:20:22,approved,,27.75
TXN-00643,RIDE-00290,capture,500.1,MXN,2025-12-07T03:53:22,approved,TXN-00642,28.82
TXN-00644,RIDE-00291,authorization,43.65,BRL,2025-12-30T08:10:14,approved,,8.83
TXN-00645,RIDE-00291,capture,43.69,BRL,2025-12-30T08:44:14,approved,TXN-00644,7.74
TXN-00646,RIDE-00292,authorization,254.16,MXN,2025-12-04T14:42:37,approved,,14.59
TXN-00647,RIDE-00292,capture,257.48,MXN,2025-12-04T15:17:37,approved,TXN-00646,14.79
TXN-00648,RIDE-00293,authorization,423.55,MXN,2025-12-23T19:07:25,approved,,24.67
TXN-00649,RIDE-00293,void,423.55,MXN,2025-12-23T19:24:25,approved,TXN-00648,24.67
TXN-00650,RIDE-00294,authorization,343.09,MXN,2026-01-06T00:33:10,approved,,19.97
TXN-00651,RIDE-00294,capture,326.67,MXN,2026-01-06T01:09:10,approved,TXN-00650,19.02
TXN-00652,RIDE-00295,authorization,80884.89,COP,2026-02-11T01:37:43,approved,,20.44
TXN-00653,RIDE-00295,capture,26835.8,COP,2026-02-11T02:13:43,approved,TXN-00652,6.78
TXN-00654,RIDE-00296,authorization,79921.53,COP,2026-02-19T22:39:44,approved,,20.06
TXN-00655,RIDE-00296,capture,75226.79,COP,2026-02-19T23:23:44,approved,TXN-00654,18.88
TXN-00656,RIDE-00297,authorization,40.23,BRL,2025-12-28T03:51:30,approved,,8.21
TXN-00657,RIDE-00297,capture,42.08,BRL,2025-12-28T04:15:30,approved,TXN-00656,8.59
TXN-00658,RIDE-00298,authorization,181.89,MXN,2026-01-13T04:14:59,approved,,10.7
TXN-00659,RIDE-00298,capture,185.63,MXN,2026-01-13T04:27:59,approved,TXN-00658,10.92
TXN-00660,RIDE-00298,refund,185.63,MXN,2026-01-14T04:12:59,approved,TXN-00659,10.95
TXN-00661,RIDE-00299,authorization,620.9,MXN,2026-02-05T13:47:02,approved,,35.71
TXN-00662,RIDE-00299,capture,649.51,MXN,2026-02-05T14:14:02,approved,TXN-00661,37.36
TXN-00663,RIDE-00300,authorization,361.11,MXN,2025-12-27T18:53:01,approved,,21.02
TXN-00664,RIDE-00300,capture,348.04,MXN,2025-12-27T19:27:01,approved,TXN-00663,22.9
TXN-00665,RIDE-00301,authorization,50.54,BRL,2026-02-19T00:32:15,approved,,9.91
TXN-00666,RIDE-00301,capture,49.33,BRL,2026-02-19T00:57:15,approved,TXN-00665,9.67
TXN-00667,RIDE-00302,authorization,85000.0,COP,2026-01-27T23:27:03,approved,,21.15
TXN-00668,RIDE-00302,capture,80045.81,COP,2026-01-28T00:12:03,approved,TXN-00667,19.83
TXN-00669,RIDE-00302,refund,80045.81,COP,2026-01-31T23:27:03,approved,TXN-00668,19.97
TXN-00670,RIDE-00303,authorization,146.86,BRL,2025-12-24T15:33:23,approved,,29.32
TXN-00671,RIDE-00303,capture,135.81,BRL,2025-12-24T16:03:23,approved,TXN-00670,27.11
TXN-00672,RIDE-00303,refund,135.81,BRL,2025-12-27T15:33:23,approved,TXN-00671,27.63
TXN-00673,RIDE-00304,authorization,295.88,MXN,2026-02-19T13:37:56,approved,,16.86
TXN-00674,RIDE-00304,capture,304.68,MXN,2026-02-19T14:17:56,approved,TXN-00673,17.37
TXN-00675,RIDE-00305,authorization,85000.0,COP,2026-02-17T22:34:02,approved,,21.25
TXN-00676,RIDE-00305,void,85000.0,COP,2026-02-17T22:48:02,approved,TXN-00675,21.25
TXN-00677,RIDE-00306,authorization,84.34,BRL,2026-02-15T13:42:23,approved,,16.41
TXN-00678,RIDE-00306,void,84.34,BRL,2026-02-15T14:03:23,approved,TXN-00677,16.41
TXN-00679,RIDE-00307,authorization,315.01,MXN,2025-12-15T01:08:50,approved,,18.25
TXN-00680,RIDE-00307,capture,311.56,MXN,2025-12-15T01:41:50,approved,TXN-00679,18.05
TXN-00681,RIDE-00307,refund,311.56,MXN,2025-12-19T01:08:50,approved,TXN-00680,18.04
TXN-00682,RIDE-00308,authorization,501.24,MXN,2025-12-17T22:37:27,approved,,29.08
TXN-00683,RIDE-00308,capture,672.06,MXN,2025-12-17T23:19:27,approved,TXN-00682,38.98
TXN-00684,RIDE-00309,authorization,333.75,MXN,2026-01-04T18:45:54,approved,,19.47
TXN-00685,RIDE-00309,capture,212.28,MXN,2026-01-04T19:03:54,approved,TXN-00684,12.38
TXN-00686,RIDE-00310,authorization,71152.56,COP,2025-12-02T12:46:21,approved,,17.18
TXN-00687,RIDE-00310,capture,69666.62,COP,2025-12-02T13:04:21,approved,TXN-00686,16.82
TXN-00688,RIDE-00311,authorization,413.23,MXN,2026-01-10T20:54:33,approved,,24.1
TXN-00689,RIDE-00311,capture,406.43,MXN,2026-01-10T21:23:33,approved,TXN-00688,23.7
TXN-00690,RIDE-00312,authorization,78316.15,COP,2026-02-14T12:55:39,approved,,19.71
TXN-00691,RIDE-00312,capture,74105.95,COP,2026-02-14T13:09:39,approved,TXN-00690,18.65
TXN-00692,RIDE-00313,authorization,206.61,MXN,2026-01-18T22:02:45,approved,,12.05
TXN-00693,RIDE-00313,capture,216.13,MXN,2026-01-18T22:22:45,approved,TXN-00692,12.6
TXN-00694,RIDE-00314,authorization,254.39,MXN,2026-02-15T01:05:04,approved,,14.58
TXN-00695,RIDE-00314,void,254.39,MXN,2026-02-15T01:12:04,approved,TXN-00694,14.58
TXN-00696,RIDE-00315,authorization,650.0,MXN,2026-02-01T11:07:32,approved,,37.29
TXN-00697,RIDE-00315,capture,656.53,MXN,2026-02-01T11:29:32,approved,TXN-00696,37.66
TXN-00698,RIDE-00315,refund,656.53,MXN,2026-02-03T11:05:32,approved,TXN-00697,37.81
TXN-00699,RIDE-00316,authorization,103.5,BRL,2026-02-21T06:21:55,approved,,20.12
TXN-00700,RIDE-00316,capture,101.91,BRL,2026-02-21T06:37:55,approved,TXN-00699,19.81
TXN-00701,RIDE-00317,authorization,54008.58,COP,2026-01-13T01:36:30,approved,,13.27
TXN-00703,RIDE-00318,authorization,603.97,MXN,2025-12-15T09:39:34,approved,,35.0
TXN-00704,RIDE-00318,capture,572.59,MXN,2025-12-15T09:55:34,approved,TXN-00703,33.18
TXN-00705,RIDE-00319,authorization,81465.34,COP,2026-01-26T20:00:54,approved,,20.26
TXN-00706,RIDE-00319,capture,79119.33,COP,2026-01-26T20:35:54,approved,TXN-00705,28.03
TXN-00707,RIDE-00320,authorization,404.27,MXN,2026-01-28T00:01:26,approved,,23.4
TXN-00708,RIDE-00320,capture,424.45,MXN,2026-01-28T00:28:26,approved,TXN-00707,24.57
TXN-00709,RIDE-00320,refund,424.45,MXN,2026-02-02T12:28:26,approved,TXN-00708,24.46
TXN-00710,RIDE-00321,authorization,30861.97,COP,2026-01-11T18:27:13,approved,,7.5
TXN-00711,RIDE-00321,capture,32313.49,COP,2026-01-11T19:01:13,approved,TXN-00710,7.85
TXN-00712,RIDE-00322,authorization,112.73,BRL,2026-02-02T04:44:44,approved,,22.34
TXN-00713,RIDE-00322,void,112.73,BRL,2026-02-02T05:11:44,approved,TXN-00712,22.34
TXN-00714,RIDE-00323,authorization,55568.85,COP,2025-12-21T21:02:24,approved,,13.77
TXN-00715,RIDE-00323,capture,57469.69,COP,2025-12-21T21:17:24,approved,TXN-00714,14.24
TXN-00716,RIDE-00324,authorization,81564.79,COP,2026-02-19T08:01:35,approved,,20.47
TXN-00717,RIDE-00324,capture,83605.54,COP,2026-02-19T08:31:35,approved,TXN-00716,22.09
TXN-00718,RIDE-00325,authorization,24357.96,COP,2025-12-31T08:19:25,approved,,5.94
TXN-00719,RIDE-00325,capture,24935.63,COP,2025-12-31T08:53:25,approved,TXN-00718,6.08
TXN-00720,RIDE-00326,authorization,322.38,MXN,2025-12-15T19:41:28,approved,,18.68
TXN-00721,RIDE-00326,capture,319.41,MXN,2025-12-15T19:55:28,approved,TXN-00720,18.51
TXN-00722,RIDE-00326,authorization,324.98,MXN,2025-12-15T19:41:32,approved,,18.83
TXN-00723,RIDE-00327,authorization,370.02,MXN,2026-02-19T18:10:08,approved,,21.09
TXN-00724,RIDE-00327,capture,356.03,MXN,2026-02-19T18:52:08,approved,TXN-00723,20.29
TXN-00725,RIDE-00328,authorization,650.0,MXN,2026-02-10T17:32:10,approved,,37.28
TXN-00726,RIDE-00328,capture,630.83,MXN,2026-02-10T18:08:10,approved,TXN-00725,36.18
TXN-00727,RIDE-00329,authorization,29464.37,COP,2026-01-26T22:33:45,approved,,7.33
TXN-00728,RIDE-00329,capture,28017.1,COP,2026-01-26T23:03:45,approved,TXN-00727,6.97
TXN-00729,RIDE-00329,refund,28017.1,COP,2026-01-27T22:33:45,approved,TXN-00728,6.97
TXN-00730,RIDE-00330,authorization,650.0,MXN,2025-12-12T20:49:10,approved,,37.69
TXN-00731,RIDE-00330,capture,650.35,MXN,2025-12-12T21:16:10,approved,TXN-00730,37.72
TXN-00732,RIDE-00331,authorization,159.06,BRL,2026-02-09T00:11:35,approved,,30.23
TXN-00733,RIDE-00331,capture,154.19,BRL,2026-02-09T00:49:35,approved,TXN-00732,29.3
TXN-00734,RIDE-00332,authorization,12896.55,COP,2026-01-04T03:23:42,approved,,3.18
TXN-00735,RIDE-00332,capture,11907.82,COP,2026-01-04T03:41:42,approved,TXN-00734,2.94
TXN-00736,RIDE-00333,authorization,650.0,MXN,2026-02-02T18:19:23,approved,,37.46
TXN-00737,RIDE-00333,capture,630.13,MXN,2026-02-02T18:44:23,approved,TXN-00736,36.31
TXN-00738,RIDE-00334,authorization,579.43,MXN,2026-01-24T00:12:33,approved,,33.51
TXN-00740,RIDE-00335,authorization,85000.0,COP,2026-02-17T08:58:43,approved,,21.25
TXN-00741,RIDE-00335,capture,87183.49,COP,2026-02-17T09:36:43,approved,TXN-00740,21.8
TXN-00742,RIDE-00336,authorization,140.3,BRL,2026-02-18T11:04:22,approved,,27.59
TXN-00743,RIDE-00336,capture,133.52,BRL,2026-02-18T11:39:22,approved,TXN-00742,26.26
TXN-00744,RIDE-00337,authorization,399.96,MXN,2026-02-02T20:53:28,approved,,23.05
TXN-00745,RIDE-00337,capture,371.1,MXN,2026-02-02T21:10:28,approved,TXN-00744,21.39
TXN-00746,RIDE-00338,authorization,238.36,MXN,2025-12-27T12:45:58,approved,,13.88
TXN-00747,RIDE-00338,capture,234.35,MXN,2025-12-27T13:16:58,approved,TXN-00746,13.64
TXN-00748,RIDE-00339,authorization,83.43,BRL,2026-01-04T01:58:37,approved,,17.16
TXN-00749,RIDE-00339,capture,79.85,BRL,2026-01-04T02:11:37,approved,TXN-00748,16.43
TXN-00750,RIDE-00340,authorization,49235.24,COP,2026-01-08T21:55:42,approved,,12.01
TXN-00751,RIDE-00340,capture,47288.97,COP,2026-01-08T22:28:42,approved,TXN-00750,11.54
TXN-00752,RIDE-00341,authorization,650.0,MXN,2026-01-21T12:06:51,approved,,38.0
TXN-00753,RIDE-00341,capture,658.51,MXN,2026-01-21T12:35:51,approved,TXN-00752,38.5
TXN-00754,RIDE-00342,authorization,27533.92,COP,2025-12-16T06:48:24,approved,,6.77
TXN-00755,RIDE-00342,capture,25979.61,COP,2025-12-16T07:25:24,approved,TXN-00754,6.39
TXN-00756,RIDE-00343,authorization,85.8,BRL,2026-01-25T02:35:19,approved,,17.19
TXN-00757,RIDE-00343,capture,80.96,BRL,2026-01-25T03:10:19,approved,TXN-00756,16.22
TXN-00758,RIDE-00344,authorization,257.26,MXN,2026-02-12T05:59:46,approved,,14.79
TXN-00759,RIDE-00344,capture,119.34,MXN,2026-02-12T06:16:46,approved,TXN-00758,6.86
TXN-00760,RIDE-00345,authorization,407.75,MXN,2026-02-03T06:25:44,approved,,23.48
TXN-00761,RIDE-00345,capture,426.17,MXN,2026-02-03T06:42:44,approved,TXN-00760,24.54
TXN-00762,RIDE-00346,authorization,50330.92,COP,2025-12-27T12:31:29,approved,,12.36
TXN-00763,RIDE-00346,capture,46588.5,COP,2025-12-27T12:50:29,approved,TXN-00762,11.44
TXN-00764,RIDE-00346,refund,59189.85,COP,2026-01-06T00:50:29,approved,TXN-00763,14.47
TXN-00765,RIDE-00347,authorization,650.0,MXN,2026-01-11T17:47:16,approved,,38.06
TXN-00766,RIDE-00347,capture,678.39,MXN,2026-01-11T18:11:16,approved,TXN-00765,39.73
TXN-00767,RIDE-00348,authorization,46112.89,COP,2026-02-03T18:31:53,approved,,11.6
TXN-00768,RIDE-00348,capture,43791.12,COP,2026-02-03T18:53:53,approved,TXN-00767,11.02
TXN-00769,RIDE-00348,authorization,45912.27,COP,2026-02-03T18:31:55,approved,,11.55
TXN-00770,RIDE-00349,authorization,354.62,MXN,2026-01-28T04:31:42,approved,,20.53
TXN-00771,RIDE-00349,capture,354.42,MXN,2026-01-28T05:03:42,approved,TXN-00770,20.52
TXN-00772,RIDE-00350,authorization,186.57,MXN,2025-12-21T12:14:39,approved,,10.83
TXN-00774,RIDE-00351,authorization,245.75,MXN,2025-12-12T15:37:01,approved,,14.25
TXN-00775,RIDE-00351,capture,252.37,MXN,2025-12-12T16:09:01,approved,TXN-00774,14.64
TXN-00776,RIDE-00351,refund,87.99,MXN,2025-12-14T03:09:01,approved,TXN-00775,5.1
TXN-00777,RIDE-00352,authorization,248.15,MXN,2026-01-06T21:56:51,approved,,14.44
TXN-00778,RIDE-00352,capture,248.42,MXN,2026-01-06T22:27:51,approved,TXN-00777,14.46
TXN-00779,RIDE-00353,authorization,51736.3,COP,2026-02-19T21:53:21,approved,,12.99
TXN-00780,RIDE-00353,capture,51542.76,COP,2026-02-19T22:22:21,approved,TXN-00779,12.94
TXN-00781,RIDE-00354,authorization,477.07,MXN,2026-02-22T16:03:23,approved,,27.13
TXN-00782,RIDE-00354,capture,452.35,MXN,2026-02-22T16:41:23,approved,TXN-00781,25.72
TXN-00783,RIDE-00355,authorization,427.38,MXN,2025-12-08T13:26:58,approved,,24.65
TXN-00784,RIDE-00355,void,427.38,MXN,2025-12-08T13:39:58,approved,TXN-00783,24.65
TXN-00785,RIDE-00356,authorization,72864.54,COP,2026-01-09T06:24:25,approved,,17.68
TXN-00786,RIDE-00356,capture,69232.47,COP,2026-01-09T06:38:25,approved,TXN-00785,16.8
TXN-00787,RIDE-00357,authorization,650.0,MXN,2026-01-09T07:47:37,approved,,37.99
TXN-00789,RIDE-00358,authorization,232.51,MXN,2026-01-30T00:21:10,approved,,13.38
TXN-00790,RIDE-00358,capture,254.24,MXN,2026-01-30T00:38:10,approved,TXN-00789,14.63
TXN-00791,RIDE-00359,authorization,650.0,MXN,2026-02-20T23:49:28,approved,,36.95
TXN-00792,RIDE-00359,capture,656.51,MXN,2026-02-21T00:30:28,approved,TXN-00791,37.38
TXN-00793,RIDE-00360,authorization,59808.87,COP,2026-01-20T20:55:16,approved,,14.8
TXN-00794,RIDE-00360,capture,57155.8,COP,2026-01-20T21:21:16,approved,TXN-00793,14.15
TXN-00795,RIDE-00361,authorization,85000.0,COP,2025-12-22T12:19:01,approved,,20.97
TXN-00796,RIDE-00361,capture,79146.52,COP,2025-12-22T12:37:01,approved,TXN-00795,19.53
TXN-00797,RIDE-00362,authorization,259.8,MXN,2026-01-31T11:32:13,approved,,14.93
TXN-00798,RIDE-00362,capture,246.67,MXN,2026-01-31T12:13:13,approved,TXN-00797,14.17
TXN-00799,RIDE-00363,authorization,209.22,MXN,2026-02-14T08:46:34,approved,,11.96
TXN-00800,RIDE-00363,capture,194.37,MXN,2026-02-14T09:12:34,approved,TXN-00799,11.11
TXN-00801,RIDE-00364,authorization,390.59,MXN,2025-12-15T05:15:23,approved,,22.63
TXN-00802,RIDE-00364,capture,404.03,MXN,2025-12-15T05:46:23,approved,TXN-00801,23.41
TXN-00803,RIDE-00365,authorization,20670.65,COP,2026-02-12T19:27:48,approved,,5.16
TXN-00804,RIDE-00365,capture,20449.15,COP,2026-02-12T19:45:48,approved,TXN-00803,5.11
TXN-00805,RIDE-00365,authorization,20670.65,COP,2026-02-12T19:28:33,approved,,5.16
TXN-00806,RIDE-00366,authorization,642.01,MXN,2026-02-14T00:51:59,approved,,36.71
TXN-00807,RIDE-00366,capture,673.62,MXN,2026-02-14T01:06:59,approved,TXN-00806,38.51
TXN-00808,RIDE-00367,authorization,52.43,BRL,2026-02-12T18:40:31,approved,,10.06
TXN-00809,RIDE-00367,capture,52.04,BRL,2026-02-12T18:55:31,approved,TXN-00808,9.99
TXN-00810,RIDE-00368,authorization,31631.6,COP,2026-01-30T15:14:28,approved,,7.88
TXN-00811,RIDE-00368,capture,36237.92,COP,2026-01-30T15:37:28,approved,TXN-00810,9.03
TXN-00812,RIDE-00369,authorization,337.94,MXN,2025-12-07T15:08:06,approved,,19.48
TXN-00813,RIDE-00369,capture,318.61,MXN,2025-12-07T15:38:06,approved,TXN-00812,18.36
TXN-00814,RIDE-00370,authorization,104.48,BRL,2026-01-27T10:07:28,approved,,21.0
TXN-00815,RIDE-00370,capture,97.43,BRL,2026-01-27T10:41:28,approved,TXN-00814,19.58
TXN-00816,RIDE-00371,authorization,171.38,MXN,2026-01-14T19:58:16,approved,,10.11
TXN-00817,RIDE-00371,capture,174.52,MXN,2026-01-14T20:27:16,approved,TXN-00816,10.3
TXN-00818,RIDE-00372,authorization,599.69,MXN,2025-12-28T20:57:16,approved,,34.87
TXN-00819,RIDE-00372,capture,624.0,MXN,2025-12-28T21:24:16,approved,TXN-00818,36.29
TXN-00820,RIDE-00373,authorization,61021.82,COP,2026-01-19T05:35:13,approved,,15.13
TXN-00821,RIDE-00373,capture,59307.78,COP,2026-01-19T06:00:13,approved,TXN-00820,14.7
TXN-00822,RIDE-00373,refund,27176.0,COP,2026-01-20T11:00:13,approved,,6.73
TXN-00823,RIDE-00374,authorization,82534.08,COP,2026-02-15T21:04:09,approved,,20.7
TXN-00824,RIDE-00374,capture,81520.94,COP,2026-02-15T21:35:09,approved,TXN-00823,20.45
TXN-00825,RIDE-00375,authorization,48304.32,COP,2026-02-17T15:00:28,approved,,12.08
TXN-00826,RIDE-00375,capture,37657.44,COP,2026-02-17T15:40:28,approved,TXN-00825,9.41
TXN-00827,RIDE-00376,authorization,371.49,MXN,2026-01-16T04:18:45,approved,,21.77
TXN-00828,RIDE-00376,capture,379.54,MXN,2026-01-16T04:50:45,approved,TXN-00827,22.24
TXN-00829,RIDE-00376,authorization,371.49,MXN,2026-01-16T04:19:26,approved,,21.77
TXN-00830,RIDE-00377,authorization,41696.93,COP,2026-02-17T17:43:22,approved,,10.42
TXN-00831,RIDE-00377,void,41696.93,COP,2026-02-17T18:07:22,approved,TXN-00830,10.42
TXN-00832,RIDE-00378,authorization,64.8,BRL,2025-12-09T04:32:04,approved,,12.94
TXN-00833,RIDE-00378,capture,60.35,BRL,2025-12-09T04:47:04,approved,TXN-00832,12.05
TXN-00834,RIDE-00379,authorization,178.6,MXN,2026-02-07T16:53:41,approved,,10.3
TXN-00835,RIDE-00379,capture,177.17,MXN,2026-02-07T17:29:41,approved,TXN-00834,10.22
TXN-00836,RIDE-00379,authorization,178.6,MXN,2026-02-07T16:54:26,approved,,10.3
TXN-00837,RIDE-00380,authorization,25919.08,COP,2026-01-29T04:56:58,approved,,6.43
TXN-00838,RIDE-00380,capture,25869.24,COP,2026-01-29T05:12:58,approved,TXN-00837,6.42
TXN-00839,RIDE-00381,authorization,32.72,BRL,2026-01-07T14:44:45,approved,,6.7
TXN-00840,RIDE-00381,capture,34.01,BRL,2026-01-07T15:01:45,approved,TXN-00839,6.97
TXN-00841,RIDE-00382,authorization,46879.34,COP,2025-12-06T02:02:13,approved,,11.47
TXN-00842,RIDE-00382,capture,45448.63,COP,2025-12-06T02:19:13,approved,TXN-00841,11.12
TXN-00843,RIDE-00382,authorization,46879.34,COP,2025-12-06T02:02:47,approved,,11.47
TXN-00844,RIDE-00383,authorization,330.74,MXN,2025-12-10T04:12:53,approved,,19.08
TXN-00845,RIDE-00383,capture,341.6,MXN,2025-12-10T04:36:53,approved,TXN-00844,19.71
TXN-00846,RIDE-00384,authorization,248.82,MXN,2026-02-09T06:27:17,approved,,14.3
TXN-00847,RIDE-00384,void,248.82,MXN,2026-02-09T06:53:17,approved,TXN-00846,14.3
TXN-00848,RIDE-00385,authorization,157.65,BRL,2026-01-02T08:49:23,approved,,32.32
TXN-00849,RIDE-00385,capture,148.59,BRL,2026-01-02T09:25:23,approved,TXN-00848,30.46
TXN-00850,RIDE-00386,authorization,97.36,BRL,2025-12-31T02:53:32,approved,,19.78
TXN-00851,RIDE-00386,capture,97.68,BRL,2025-12-31T03:11:32,approved,TXN-00850,19.85
TXN-00852,RIDE-00386,refund,97.68,BRL,2026-01-01T02:53:32,approved,TXN-00851,20.03
TXN-00853,RIDE-00387,authorization,345.92,MXN,2026-02-07T19:44:10,approved,,19.95
TXN-00854,RIDE-00387,void,345.92,MXN,2026-02-07T19:51:10,approved,TXN-00853,19.95
TXN-00855,RIDE-00388,authorization,44440.4,COP,2026-02-01T11:28:52,approved,,11.09
TXN-00856,RIDE-00388,capture,44387.64,COP,2026-02-01T11:41:52,approved,TXN-00855,11.08
TXN-00857,RIDE-00389,authorization,67731.11,COP,2026-02-19T11:36:51,approved,,17.0
TXN-00858,RIDE-00389,void,67731.11,COP,2026-02-19T11:56:51,approved,TXN-00857,17.0
TXN-00859,RIDE-00390,authorization,204.02,MXN,2026-02-04T02:17:32,approved,,11.74
TXN-00860,RIDE-00390,capture,197.45,MXN,2026-02-04T02:47:32,approved,TXN-00859,9.94
TXN-00861,RIDE-00391,authorization,298.32,MXN,2025-12-30T23:42:36,approved,,17.37
TXN-00862,RIDE-00391,capture,275.46,MXN,2025-12-31T00:08:36,approved,TXN-00861,16.04
TXN-00863,RIDE-00392,authorization,357.48,MXN,2026-02-13T09:16:24,approved,,20.51
TXN-00864,RIDE-00392,capture,373.77,MXN,2026-02-13T09:54:24,approved,TXN-00863,21.44
TXN-00865,RIDE-00393,authorization,125.11,BRL,2025-12-16T01:03:54,approved,,25.46
TXN-00866,RIDE-00393,capture,120.17,BRL,2025-12-16T01:40:54,approved,TXN-00865,30.17
TXN-00867,RIDE-00394,authorization,28134.45,COP,2026-01-22T09:46:25,approved,,6.94
TXN-00868,RIDE-00394,capture,28227.5,COP,2026-01-22T10:25:25,approved,TXN-00867,6.96
TXN-00869,RIDE-00395,authorization,323.35,MXN,2026-01-02T16:44:04,approved,,18.83
TXN-00870,RIDE-00395,void,323.35,MXN,2026-01-02T16:56:04,approved,TXN-00869,18.83
TXN-00871,RIDE-00396,authorization,312.32,MXN,2026-01-06T13:51:15,approved,,18.18
TXN-00872,RIDE-00396,capture,289.7,MXN,2026-01-06T14:06:15,approved,TXN-00871,16.86
TXN-00873,RIDE-00396,refund,150.48,MXN,2026-01-07T22:06:15,approved,TXN-00872,8.76
TXN-00874,RIDE-00397,authorization,180.0,BRL,2026-02-13T20:48:17,approved,,34.64
TXN-00875,RIDE-00397,capture,166.95,BRL,2026-02-13T21:03:17,approved,TXN-00874,32.12
TXN-00876,RIDE-00398,authorization,33114.17,COP,2025-12-05T05:49:38,approved,,8.06
TXN-00877,RIDE-00398,capture,33444.68,COP,2025-12-05T06:30:38,approved,TXN-00876,8.14
TXN-00878,RIDE-00399,authorization,82.53,BRL,2026-01-29T06:49:25,approved,,16.32
TXN-00879,RIDE-00399,capture,81.39,BRL,2026-01-29T07:07:25,approved,TXN-00878,16.1
TXN-00880,RIDE-00400,authorization,432.35,MXN,2025-12-24T05:19:10,approved,,25.23
TXN-00881,RIDE-00400,capture,414.98,MXN,2025-12-24T05:38:10,approved,TXN-00880,24.22
TXN-00882,RIDE-00401,authorization,174.11,BRL,2025-12-19T20:06:25,approved,,35.41
TXN-00883,RIDE-00401,capture,172.11,BRL,2025-12-19T20:44:25,approved,TXN-00882,35.01
TXN-00884,RIDE-00402,authorization,48.47,BRL,2026-01-14T19:47:32,approved,,9.72
TXN-00885,RIDE-00402,capture,46.91,BRL,2026-01-14T20:30:32,approved,TXN-00884,9.41
TXN-00886,RIDE-00403,authorization,40216.6,COP,2026-01-10T15:35:01,approved,,9.8
TXN-00887,RIDE-00403,capture,41325.77,COP,2026-01-10T16:09:01,approved,TXN-00886,10.07
TXN-00888,RIDE-00403,refund,41325.77,COP,2026-01-11T15:33:01,approved,TXN-00887,10.04
TXN-00889,RIDE-00404,authorization,71.96,BRL,2025-12-14T10:29:31,approved,,14.61
TXN-00890,RIDE-00404,void,71.96,BRL,2025-12-14T10:57:31,approved,TXN-00889,14.61
TXN-00891,RIDE-00405,authorization,12318.98,COP,2026-01-06T01:01:12,approved,,3.01
TXN-00893,RIDE-00406,authorization,21481.81,COP,2026-01-20T02:09:21,approved,,5.32
TXN-00894,RIDE-00406,void,21481.81,COP,2026-01-20T02:14:21,approved,TXN-00893,5.32
TXN-00895,RIDE-00407,authorization,380.86,MXN,2025-12-16T13:33:17,approved,,22.12
TXN-00896,RIDE-00407,capture,398.71,MXN,2025-12-16T13:49:17,approved,TXN-00895,23.15
TXN-00897,RIDE-00408,authorization,344.85,MXN,2026-01-12T11:24:05,approved,,20.25
TXN-00898,RIDE-00408,capture,322.18,MXN,2026-01-12T11:49:05,approved,TXN-00897,18.92
TXN-00899,RIDE-00408,refund,114.77,MXN,2026-01-13T14:49:05,approved,TXN-00898,6.75
TXN-00900,RIDE-00409,authorization,128.25,BRL,2026-01-03T22:35:32,approved,,26.36
TXN-00901,RIDE-00409,void,128.25,BRL,2026-01-03T22:57:32,approved,TXN-00900,26.36
TXN-00902,RIDE-00410,authorization,342.79,MXN,2026-01-18T17:47:40,approved,,19.99
TXN-00903,RIDE-00410,capture,322.05,MXN,2026-01-18T18:23:40,approved,TXN-00902,18.78
TXN-00904,RIDE-00411,authorization,60.2,BRL,2026-01-06T09:38:35,approved,,12.52
TXN-00905,RIDE-00411,capture,61.15,BRL,2026-01-06T10:04:35,approved,TXN-00904,12.71
TXN-00906,RIDE-00412,authorization,48.35,BRL,2026-02-20T11:25:20,approved,,9.5
TXN-00907,RIDE-00412,capture,47.37,BRL,2026-02-20T11:50:20,approved,TXN-00906,9.31
TXN-00908,RIDE-00413,authorization,42.84,BRL,2025-12-14T08:37:49,approved,,8.7
TXN-00909,RIDE-00413,capture,44.38,BRL,2025-12-14T09:05:49,approved,TXN-00908,9.01
TXN-00910,RIDE-00414,authorization,32205.14,COP,2025-12-14T11:26:37,approved,,7.89
TXN-00911,RIDE-00414,capture,32509.72,COP,2025-12-14T11:49:37,approved,TXN-00910,8.44
TXN-00912,RIDE-00415,authorization,75687.64,COP,2025-12-01T12:16:10,approved,,18.25
TXN-00913,RIDE-00415,void,75687.64,COP,2025-12-01T12:30:10,approved,TXN-00912,18.25
TXN-00914,RIDE-00416,authorization,650.0,MXN,2026-02-20T01:36:18,approved,,36.95
TXN-00915,RIDE-00416,capture,897.47,MXN,2026-02-20T02:07:18,approved,TXN-00914,51.02
TXN-00916,RIDE-00417,authorization,33241.7,COP,2025-12-11T19:05:02,approved,,8.13
TXN-00917,RIDE-00417,capture,33333.68,COP,2025-12-11T19:27:02,approved,TXN-00916,10.8
TXN-00918,RIDE-00418,authorization,353.11,MXN,2025-12-05T15:16:51,approved,,20.26
TXN-00919,RIDE-00418,capture,331.75,MXN,2025-12-05T15:32:51,approved,TXN-00918,19.04
TXN-00920,RIDE-00419,authorization,30875.21,COP,2025-12-11T18:20:03,approved,,7.55
TXN-00921,RIDE-00419,capture,25507.71,COP,2025-12-11T19:01:03,approved,TXN-00920,6.24
TXN-00922,RIDE-00420,authorization,37487.28,COP,2025-12-02T14:18:49,approved,,9.05
TXN-00923,RIDE-00420,capture,34835.56,COP,2025-12-02T14:34:49,approved,TXN-00922,8.41
TXN-00924,RIDE-00421,authorization,381.12,MXN,2025-12-14T22:35:29,approved,,22.08
TXN-00925,RIDE-00421,capture,398.02,MXN,2025-12-14T23:02:29,approved,TXN-00924,23.05
TXN-00926,RIDE-00422,authorization,22944.98,COP,2025-12-24T08:33:19,approved,,5.62
TXN-00927,RIDE-00422,capture,22152.49,COP,2025-12-24T08:59:19,approved,TXN-00926,5.43
TXN-00928,RIDE-00422,authorization,22689.4,COP,2025-12-24T08:33:25,approved,,5.56
TXN-00929,RIDE-00423,authorization,27684.02,COP,2025-12-09T07:30:41,approved,,6.81
TXN-00930,RIDE-00423,capture,27849.52,COP,2025-12-09T08:07:41,approved,TXN-00929,6.85
TXN-00931,RIDE-00424,authorization,628.68,MXN,2026-01-21T01:50:26,approved,,36.76
TXN-00932,RIDE-00424,capture,600.05,MXN,2026-01-21T02:10:26,approved,TXN-00931,35.08
TXN-00933,RIDE-00424,refund,600.05,MXN,2026-01-26T10:10:26,approved,TXN-00932,34.68
TXN-00934,RIDE-00425,authorization,64466.08,COP,2026-01-07T21:49:23,approved,,15.75
TXN-00935,RIDE-00425,void,64466.08,COP,2026-01-07T22:17:23,approved,TXN-00934,15.75
TXN-00936,RIDE-00426,authorization,74045.99,COP,2026-01-06T05:53:27,approved,,18.1
TXN-00937,RIDE-00426,capture,74135.31,COP,2026-01-06T06:30:27,approved,TXN-00936,18.12
TXN-00938,RIDE-00427,authorization,238.02,MXN,2025-12-07T13:25:30,approved,,13.72
TXN-00939,RIDE-00427,capture,225.34,MXN,2025-12-07T13:44:30,approved,TXN-00938,12.44
TXN-00940,RIDE-00428,authorization,180.0,BRL,2026-02-10T09:06:35,approved,,34.05
TXN-00941,RIDE-00428,capture,180.67,BRL,2026-02-10T09:28:35,approved,TXN-00940,34.18
TXN-00942,RIDE-00429,authorization,458.92,MXN,2026-01-23T00:20:15,approved,,26.63
TXN-00943,RIDE-00429,capture,424.71,MXN,2026-01-23T00:44:15,approved,TXN-00942,24.65
TXN-00944,RIDE-00430,authorization,69.59,BRL,2026-02-05T11:27:33,approved,,13.74
TXN-00945,RIDE-00430,capture,72.89,BRL,2026-02-05T12:06:33,approved,TXN-00944,14.39
TXN-00946,RIDE-00431,authorization,71563.31,COP,2026-02-17T18:57:35,approved,,17.89
TXN-00947,RIDE-00431,capture,59193.03,COP,2026-02-17T19:38:35,approved,TXN-00946,14.8
TXN-00948,RIDE-00432,authorization,454.82,MXN,2025-12-20T13:44:27,approved,,26.36
TXN-00949,RIDE-00432,capture,426.01,MXN,2025-12-20T14:23:27,approved,TXN-00948,24.69
TXN-00950,RIDE-00433,authorization,164.12,BRL,2025-12-31T15:25:29,approved,,33.35
TXN-00951,RIDE-00433,void,164.12,BRL,2025-12-31T15:40:29,approved,TXN-00950,33.35
TXN-00952,RIDE-00434,authorization,206.1,MXN,2026-02-18T04:04:01,approved,,11.72
TXN-00953,RIDE-00434,capture,231.09,MXN,2026-02-18T04:40:01,approved,TXN-00952,13.14
TXN-00954,RIDE-00435,authorization,130.01,MXN,2026-02-01T19:25:14,approved,,7.46
TXN-00955,RIDE-00435,capture,135.55,MXN,2026-02-01T19:45:14,approved,TXN-00954,7.78
TXN-00956,RIDE-00436,authorization,85.95,BRL,2025-12-05T15:24:29,approved,,17.08
TXN-00957,RIDE-00436,void,85.95,BRL,2025-12-05T15:43:29,approved,TXN-00956,17.08
TXN-00958,RIDE-00437,authorization,302.58,MXN,2026-02-16T14:36:10,approved,,17.33
TXN-00959,RIDE-00437,capture,289.62,MXN,2026-02-16T14:55:10,approved,TXN-00958,16.58
TXN-00960,RIDE-00438,authorization,41392.58,COP,2026-01-07T12:58:51,approved,,10.12
TXN-00961,RIDE-00438,capture,42144.08,COP,2026-01-07T13:19:51,approved,TXN-00960,10.74
TXN-00962,RIDE-00439,authorization,51829.14,COP,2026-01-18T07:20:48,approved,,12.88
TXN-00963,RIDE-00439,capture,53356.02,COP,2026-01-18T07:46:48,approved,TXN-00962,13.26
TXN-00964,RIDE-00440,authorization,484.06,MXN,2025-12-09T00:31:55,approved,,27.96
TXN-00965,RIDE-00440,capture,524.82,MXN,2025-12-09T01:12:55,approved,TXN-00964,30.32
TXN-00966,RIDE-00441,authorization,80915.02,COP,2026-02-18T20:13:38,approved,,20.3
TXN-00967,RIDE-00441,capture,84799.51,COP,2026-02-18T20:29:38,approved,TXN-00966,21.27
TXN-00968,RIDE-00441,refund,84799.51,COP,2026-02-24T03:29:38,approved,,20.43
TXN-00969,RIDE-00442,authorization,424.37,MXN,2025-12-08T18:36:26,approved,,24.48
TXN-00970,RIDE-00442,capture,598.54,MXN,2025-12-08T18:50:26,approved,TXN-00969,34.52
TXN-00971,RIDE-00443,authorization,250.91,MXN,2026-01-28T12:12:36,approved,,14.53
TXN-00972,RIDE-00443,capture,247.34,MXN,2026-01-28T12:36:36,approved,TXN-00971,14.32
TXN-00973,RIDE-00444,authorization,52513.96,COP,2026-01-04T03:10:49,approved,,12.95
TXN-00974,RIDE-00444,capture,52343.04,COP,2026-01-04T03:51:49,approved,TXN-00973,12.91
TXN-00975,RIDE-00445,authorization,85000.0,COP,2026-01-12T05:30:05,approved,,20.72
TXN-00976,RIDE-00445,capture,81487.91,COP,2026-01-12T06:13:05,approved,TXN-00975,19.86
TXN-00977,RIDE-00446,authorization,506.46,MXN,2026-01-31T21:31:42,approved,,29.1
TXN-00978,RIDE-00446,capture,507.84,MXN,2026-01-31T22:07:42,approved,TXN-00977,29.18
TXN-00979,RIDE-00446,authorization,506.46,MXN,2026-01-31T21:31:47,approved,,29.1
TXN-00980,RIDE-00446,authorization,506.46,MXN,2026-01-31T21:31:57,approved,,29.1
TXN-00981,RIDE-00447,authorization,116.16,BRL,2026-02-04T23:09:29,approved,,22.98
TXN-00982,RIDE-00447,capture,109.28,BRL,2026-02-04T23:33:29,approved,TXN-00981,21.62
TXN-00983,RIDE-00448,authorization,313.02,MXN,2026-01-28T23:45:50,approved,,18.12
TXN-00984,RIDE-00448,capture,320.54,MXN,2026-01-29T00:07:50,approved,TXN-00983,18.48
TXN-00985,RIDE-00449,authorization,227.13,MXN,2025-12-07T12:39:54,approved,,13.09
TXN-00987,RIDE-00450,authorization,191.11,MXN,2026-01-25T01:46:32,approved,,11.04
TXN-00988,RIDE-00450,capture,184.65,MXN,2026-01-25T02:05:32,approved,TXN-00987,10.66
TXN-00989,RIDE-00451,authorization,56202.65,COP,2026-01-06T00:26:35,approved,,13.74
TXN-00990,RIDE-00451,capture,55755.81,COP,2026-01-06T00:42:35,approved,TXN-00989,13.63
TXN-00991,RIDE-00452,authorization,30393.03,COP,2026-01-21T09:43:51,approved,,7.51
TXN-00992,RIDE-00452,capture,31747.03,COP,2026-01-21T10:01:51,approved,TXN-00991,7.85
TXN-00993,RIDE-00453,authorization,62227.85,COP,2025-12-25T05:38:14,approved,,15.13
TXN-00994,RIDE-00453,capture,59894.37,COP,2025-12-25T06:07:14,approved,TXN-00993,14.56
TXN-00995,RIDE-00453,refund,59894.37,COP,2025-12-29T05:38:14,approved,TXN-00994,14.63
TXN-00996,RIDE-00454,authorization,64576.67,COP,2026-01-18T10:52:24,approved,,16.05
TXN-00997,RIDE-00454,capture,67774.73,COP,2026-01-18T11:19:24,approved,TXN-00996,16.85
TXN-00998,RIDE-00455,authorization,288.4,MXN,2026-02-14T05:47:53,approved,,16.49
TXN-00999,RIDE-00455,capture,282.15,MXN,2026-02-14T06:19:53,approved,TXN-00998,16.13
TXN-01000,RIDE-00456,authorization,388.82,MXN,2026-01-29T09:47:37,approved,,22.41
TXN-01001,RIDE-00456,capture,377.5,MXN,2026-01-29T10:31:37,approved,TXN-01000,21.76
TXN-01002,RIDE-00456,authorization,388.82,MXN,2026-01-29T09:48:06,approved,,22.41
TXN-01003,RIDE-00457,authorization,553.94,MXN,2025-12-14T04:17:12,approved,,32.09
TXN-01004,RIDE-00457,void,553.94,MXN,2025-12-14T04:35:12,approved,TXN-01003,32.09
TXN-01005,RIDE-00458,authorization,162.06,MXN,2026-02-08T06:17:20,approved,,9.33
TXN-01006,RIDE-00458,capture,165.83,MXN,2026-02-08T06:58:20,approved,TXN-01005,9.55
TXN-01007,RIDE-00459,authorization,180.0,BRL,2026-02-21T02:12:26,approved,,35.0
TXN-01008,RIDE-00459,capture,179.36,BRL,2026-02-21T02:29:26,approved,TXN-01007,34.87
TXN-01009,RIDE-00459,refund,179.36,BRL,2026-02-23T02:12:26,approved,TXN-01008,35.0
TXN-01010,RIDE-00460,authorization,33938.11,COP,2026-01-23T09:37:10,approved,,8.41
TXN-01011,RIDE-00460,capture,33781.92,COP,2026-01-23T09:59:10,approved,TXN-01010,8.37
TXN-01012,RIDE-00460,refund,38302.01,COP,2026-02-02T19:59:10,approved,,9.58
TXN-01013,RIDE-00461,authorization,105.28,BRL,2026-02-08T02:39:07,approved,,20.12
TXN-01014,RIDE-00461,capture,104.53,BRL,2026-02-08T02:57:07,approved,TXN-01013,19.98
TXN-01015,RIDE-00461,authorization,103.22,BRL,2026-02-08T02:39:10,approved,,19.73
TXN-01016,RIDE-00462,authorization,160.19,BRL,2026-01-19T09:30:12,approved,,32.3
TXN-01017,RIDE-00462,capture,152.99,BRL,2026-01-19T09:56:12,approved,TXN-01016,30.84
TXN-01018,RIDE-00463,authorization,129.1,BRL,2025-12-23T23:40:07,approved,,26.01
TXN-01019,RIDE-00463,capture,127.13,BRL,2025-12-23T23:54:07,approved,TXN-01018,25.61
TXN-01020,RIDE-00464,authorization,319.15,MXN,2026-01-25T13:32:10,approved,,18.43
TXN-01021,RIDE-00464,capture,379.26,MXN,2026-01-25T13:54:10,approved,TXN-01020,21.9
TXN-01022,RIDE-00465,authorization,277.04,MXN,2025-12-09T08:53:47,approved,,16.0
TXN-01023,RIDE-00465,capture,283.28,MXN,2025-12-09T09:38:47,approved,TXN-01022,16.36
TXN-01024,RIDE-00466,authorization,54.24,BRL,2026-02-08T19:06:15,approved,,10.37
TXN-01025,RIDE-00466,capture,52.21,BRL,2026-02-08T19:47:15,approved,TXN-01024,9.98
TXN-01026,RIDE-00467,authorization,87.14,BRL,2026-02-18T22:32:11,approved,,17.14
TXN-01027,RIDE-00467,capture,81.17,BRL,2026-02-18T23:03:11,approved,TXN-01026,15.96
TXN-01028,RIDE-00467,authorization,87.14,BRL,2026-02-18T22:32:33,approved,,17.14
TXN-01029,RIDE-00468,authorization,180.0,BRL,2026-02-01T08:45:26,approved,,35.86
TXN-01030,RIDE-00468,capture,188.96,BRL,2026-02-01T09:14:26,approved,TXN-01029,37.64
TXN-01031,RIDE-00469,authorization,61686.7,COP,2026-01-03T10:46:39,approved,,15.16
TXN-01032,RIDE-00469,capture,61904.67,COP,2026-01-03T11:26:39,approved,TXN-01031,15.21
TXN-01033,RIDE-00470,authorization,82862.23,COP,2025-12-18T16:00:17,approved,,20.64
TXN-01034,RIDE-00470,capture,77507.98,COP,2025-12-18T16:18:17,approved,TXN-01033,19.31
TXN-01035,RIDE-00470,refund,42458.36,COP,2025-12-19T19:18:17,approved,,10.53
TXN-01036,RIDE-00471,authorization,60202.35,COP,2025-12-06T09:08:16,approved,,14.73
TXN-01037,RIDE-00471,capture,78383.69,COP,2025-12-06T09:33:16,approved,TXN-01036,19.17
TXN-01038,RIDE-00472,authorization,650.0,MXN,2025-12-16T23:42:43,approved,,37.74
TXN-01039,RIDE-00472,capture,613.59,MXN,2025-12-17T00:13:43,approved,TXN-01038,35.59
TXN-01040,RIDE-00472,authorization,639.86,MXN,2025-12-16T23:42:51,approved,,37.15
TXN-01041,RIDE-00473,authorization,650.0,MXN,2026-01-20T09:07:10,approved,,38.03
TXN-01042,RIDE-00473,void,650.0,MXN,2026-01-20T09:12:10,approved,TXN-01041,38.03
TXN-01043,RIDE-00474,authorization,372.86,MXN,2026-01-31T15:47:24,approved,,21.42
TXN-01044,RIDE-00474,capture,357.51,MXN,2026-01-31T16:08:24,approved,TXN-01043,20.54
TXN-01045,RIDE-00474,refund,357.51,MXN,2026-02-04T15:47:24,approved,TXN-01044,20.57
TXN-01046,RIDE-00475,authorization,143.53,MXN,2025-12-30T09:37:56,approved,,8.36
TXN-01047,RIDE-00475,capture,136.89,MXN,2025-12-30T09:54:56,approved,TXN-01046,7.97
TXN-01048,RIDE-00476,authorization,58175.4,COP,2025-12-17T08:58:00,approved,,14.44
TXN-01049,RIDE-00476,capture,56986.54,COP,2025-12-17T09:15:00,approved,TXN-01048,13.68
TXN-01050,RIDE-00477,authorization,266.24,MXN,2026-02-02T22:57:31,approved,,15.34
TXN-01051,RIDE-00477,capture,249.56,MXN,2026-02-02T23:17:31,approved,TXN-01050,14.38
TXN-01052,RIDE-00478,authorization,342.75,MXN,2026-01-24T17:21:30,approved,,19.82
TXN-01053,RIDE-00478,capture,334.79,MXN,2026-01-24T17:47:30,approved,TXN-01052,19.36
TXN-01054,RIDE-00479,authorization,650.0,MXN,2026-02-01T06:43:43,approved,,37.29
TXN-01055,RIDE-00479,capture,662.69,MXN,2026-02-01T07:08:43,approved,TXN-01054,38.02
TXN-01056,RIDE-00480,authorization,27315.92,COP,2026-02-13T11:09:38,approved,,6.88
TXN-01057,RIDE-00480,capture,27798.83,COP,2026-02-13T11:23:38,approved,TXN-01056,7.0
TXN-01058,RIDE-00481,authorization,52329.4,COP,2026-01-18T08:31:46,approved,,13.01
TXN-01059,RIDE-00481,void,52329.4,COP,2026-01-18T08:56:46,approved,TXN-01058,13.01
TXN-01060,RIDE-00482,authorization,330.53,MXN,2025-12-30T07:56:49,approved,,19.25
TXN-01061,RIDE-00482,capture,315.33,MXN,2025-12-30T08:15:49,approved,TXN-01060,18.36
TXN-01062,RIDE-00483,authorization,313.85,MXN,2025-12-08T02:03:22,approved,,18.1
TXN-01063,RIDE-00483,capture,140.19,MXN,2025-12-08T02:23:22,approved,TXN-01062,8.09
TXN-01064,RIDE-00484,authorization,71055.04,COP,2026-01-17T00:24:12,approved,,17.73
TXN-01065,RIDE-00484,capture,69524.95,COP,2026-01-17T00:52:12,approved,TXN-01064,17.35
TXN-01066,RIDE-00485,authorization,30116.49,COP,2025-12-31T08:22:12,approved,,7.34
TXN-01067,RIDE-00485,void,30116.49,COP,2025-12-31T08:28:12,approved,TXN-01066,7.34
TXN-01068,RIDE-00486,authorization,13390.46,COP,2026-02-22T13:47:23,approved,,3.41
TXN-01069,RIDE-00486,capture,12923.86,COP,2026-02-22T14:19:23,approved,TXN-01068,3.29
TXN-01070,RIDE-00487,authorization,540.66,MXN,2026-01-05T23:27:16,approved,,31.5
TXN-01071,RIDE-00487,capture,498.94,MXN,2026-01-05T23:47:16,approved,TXN-01070,29.07
TXN-01072,RIDE-00488,authorization,359.34,MXN,2026-01-15T06:59:35,approved,,21.11
TXN-01073,RIDE-00488,capture,374.36,MXN,2026-01-15T07:21:35,approved,TXN-01072,21.99
TXN-01074,RIDE-00489,authorization,449.77,MXN,2025-12-10T09:36:15,approved,,25.95
TXN-01075,RIDE-00489,capture,438.28,MXN,2025-12-10T10:03:15,approved,TXN-01074,25.29
TXN-01076,RIDE-00490,authorization,142.81,BRL,2026-01-10T14:21:28,approved,,28.89
TXN-01077,RIDE-00490,capture,135.06,BRL,2026-01-10T14:49:28,approved,TXN-01076,27.32
TXN-01078,RIDE-00491,authorization,51.28,BRL,2026-01-26T02:06:30,approved,,10.33
TXN-01079,RIDE-00491,capture,50.27,BRL,2026-01-26T02:23:30,approved,TXN-01078,10.13
TXN-01080,RIDE-00492,authorization,42.81,BRL,2026-01-18T09:03:34,approved,,8.65
TXN-01081,RIDE-00492,capture,40.02,BRL,2026-01-18T09:29:34,approved,TXN-01080,8.08
TXN-01082,RIDE-00492,refund,40.02,BRL,2026-01-20T09:02:34,approved,TXN-01081,8.1
TXN-01083,RIDE-00493,authorization,80562.41,COP,2025-12-30T22:58:05,approved,,19.73
TXN-01085,RIDE-00494,authorization,106.13,BRL,2026-01-19T01:48:15,approved,,21.4
TXN-01086,RIDE-00494,capture,104.86,BRL,2026-01-19T02:29:15,approved,TXN-01085,21.14
TXN-01087,RIDE-00495,authorization,617.13,MXN,2026-01-04T06:20:18,approved,,35.99
TXN-01088,RIDE-00495,capture,636.77,MXN,2026-01-04T06:40:18,approved,TXN-01087,37.14
TXN-01089,RIDE-00496,authorization,49150.32,COP,2026-02-20T20:00:55,approved,,12.41
TXN-01090,RIDE-00496,capture,64153.29,COP,2026-02-20T20:38:55,approved,TXN-01089,16.2
TXN-01091,RIDE-00497,authorization,289.24,MXN,2025-12-01T19:04:17,approved,,16.79
TXN-01093,RIDE-00498,authorization,432.27,MXN,2025-12-26T16:17:59,approved,,25.17
TXN-01095,RIDE-00499,authorization,546.06,MXN,2026-01-08T21:26:22,approved,,31.81
TXN-01096,RIDE-00499,capture,548.59,MXN,2026-01-08T21:57:22,approved,TXN-01095,31.95
TXN-01097,RIDE-00500,authorization,351.13,MXN,2026-01-23T17:07:10,approved,,20.38
TXN-01098,RIDE-00500,capture,126.03,MXN,2026-01-23T17:32:10,approved,TXN-01097,7.31
